02x6v,2zt0y,0.2,
02x6v,306fp,0.4,
02x6v,4718r,0.1,
02x6v,4x99y,0.3,
02x6v,6062q,0.1,
02x6v,6xiit,0.1,
02x6v,75581,0.3,
02x6v,7nrit,0.1,
02x6v,7tb58,0.2,
02x6v,95saa,0.1,
02x6v,97vve,0.4,
02x6v,9fwxw,0.8,
02x6v,9n6v4,0.3,
02x6v,9njqe,0.1,
02x6v,a9qsd,0.3,
02x6v,aewa7,0.2,
02x6v,d2tzi,0.4,
02x6v,edf28,0.1,
02x6v,h2aeg,0.7,
02x6v,hktsr,0.2,
02x6v,ijhu4,0.1,
02x6v,npuga,0.1,
02x6v,o1ojm,0.6,
02x6v,o6p8o,0.1,
02x6v,o7hgm,0.5,
02x6v,rcql6,0.2,
02x6v,rpwiz,0.3,
02x6v,t0nen,0.2,
02x6v,t2ukq,0.3,
02x6v,t3l4h,0.4,
02x6v,tx96a,0.1,
02x6v,u5ghe,0.1,
02x6v,wcnoy,0.8,
02x6v,wpok6,0.5,
02x6v,xqhhy,0.2,
0u9kr,0tsou,0.3,
0u9kr,306fp,0.6,
0u9kr,36mab,0.4,
0u9kr,4snwv,0.1,
0u9kr,4x99y,0.3,
0u9kr,75581,0.9,
0u9kr,7nrit,0.1,
0u9kr,7tb58,0.2,
0u9kr,95saa,0.4,
0u9kr,97vve,0.7,
0u9kr,9fwxw,0.6,
0u9kr,9h24q,0.1,
0u9kr,9n6v4,0.3,
0u9kr,a9qsd,0.3,
0u9kr,aewa7,0.3,
0u9kr,brhrx,0.2,
0u9kr,d2tzi,0.3,
0u9kr,edf28,0.3,
0u9kr,h2aeg,0.6,
0u9kr,hktsr,0.4,
0u9kr,i5rpt,0.1,
0u9kr,ijhu4,0.5,
0u9kr,m2k0x,0.2,
0u9kr,npuga,0.1,
0u9kr,o1ojm,0.5,
0u9kr,o6p8o,0.5,
0u9kr,o7hgm,0.6,
0u9kr,rcql6,0.6,
0u9kr,rpwiz,0.1,
0u9kr,t0nen,0.8,
0u9kr,tx96a,0.3,
0u9kr,u0fbt,0.2,
0u9kr,u5ghe,0.2,
0u9kr,wcnoy,0.6,
0u9kr,wpok6,0.8,
0u9kr,wvk2n,0.3,
0u9kr,xqhhy,0.2,
0u9kr,y2i17,0.2,
0zy78,36mab,0.7,
0zy78,4718r,0.6,
0zy78,4snwv,0.1,
0zy78,4x99y,0.1,
0zy78,6062q,0.3,
0zy78,75581,0.3,
0zy78,95saa,0.5,
0zy78,97vve,0.1,
0zy78,9fwxw,0.3,
0zy78,9njqe,0.2,
0zy78,aewa7,0.2,
0zy78,brhrx,0.1,
0zy78,d2tzi,0.1,
0zy78,hktsr,0.1,
0zy78,i5rpt,0.1,
0zy78,ijhu4,0.8,
0zy78,m2k0x,0.5,
0zy78,npuga,0.2,
0zy78,o1ojm,0.2,
0zy78,o6p8o,0.1,
0zy78,o7hgm,0.4,
0zy78,otwp4,0.2,
0zy78,rcql6,0.8,
0zy78,t0nen,0.3,
0zy78,t3l4h,0.1,
0zy78,tx96a,0.2,
0zy78,u0fbt,0.5,
0zy78,u5ghe,0.1,
0zy78,wvk2n,0.1,
0zy78,xqhhy,0.1,
10wi0,ijhu4,0.1,
10wi0,npuga,0.1,
10wi0,o7hgm,0.1,
19bmr,0k2cq,0.4,
19bmr,2zt0y,0.2,
19bmr,306fp,0.1,
19bmr,36mab,0.7,
19bmr,4718r,0.4,
19bmr,4snwv,0.1,
19bmr,4x99y,0.2,
19bmr,6062q,0.1,
19bmr,75581,0.5,
19bmr,7nrit,0.1,
19bmr,7tb58,0.5,
19bmr,95saa,0.5,
19bmr,97vve,0.2,
19bmr,9fwxw,0.6,
19bmr,9h24q,0.1,
19bmr,9n6v4,0.1,
19bmr,9njqe,0.2,
19bmr,aewa7,0.2,
19bmr,d2tzi,0.3,
19bmr,h2aeg,0.4,
19bmr,hktsr,0.4,
19bmr,i5rpt,0.2,
19bmr,ickpq,0.3,
19bmr,ijhu4,0.4,
19bmr,m2k0x,0.5,
19bmr,npuga,0.2,
19bmr,o1ojm,0.4,
19bmr,o6p8o,0.2,
19bmr,o7hgm,0.4,
19bmr,rcql6,0.8,
19bmr,t0nen,0.4,
19bmr,t2ukq,0.2,
19bmr,t3l4h,0.3,
19bmr,tx96a,0.4,
19bmr,u0fbt,0.6,
19bmr,u5ghe,0.5,
19bmr,wpok6,0.2,
19bmr,wvk2n,0.2,
19bmr,xqhhy,0.3,
19bmr,ydda7,0.2,
1d8v6,0tsou,0.4,
1d8v6,2zt0y,0.7,
1d8v6,306fp,0.5,
1d8v6,36mab,0.8,
1d8v6,4718r,0.2,
1d8v6,4snwv,0.2,
1d8v6,4x99y,0.3,
1d8v6,6062q,0.2,
1d8v6,6xiit,0.3,
1d8v6,75581,0.7,
1d8v6,7tb58,0.5,
1d8v6,9fwxw,0.9,
1d8v6,9n6v4,0.7,
1d8v6,9njqe,0.5,
1d8v6,a9qsd,0.6,
1d8v6,aewa7,0.5,
1d8v6,brhrx,0.3,
1d8v6,h2aeg,0.7,
1d8v6,i5rpt,0.1,
1d8v6,ickpq,0.1,
1d8v6,ijhu4,0.7,
1d8v6,npuga,0.4,
1d8v6,o1ojm,0.3,
1d8v6,o6p8o,0.6,
1d8v6,o7hgm,0.7,
1d8v6,rcql6,1,
1d8v6,rpwiz,0.1,
1d8v6,t0nen,0.7,
1d8v6,t2ukq,0.5,
1d8v6,t3l4h,0.4,
1d8v6,tx96a,0.1,
1d8v6,u0fbt,0.2,
1d8v6,u5ghe,0.4,
1d8v6,wcnoy,1,
1d8v6,wvk2n,0.5,
1d8v6,y2i17,0.2,
1jye7,0k2cq,0.2,
1jye7,0tsou,0.4,
1jye7,2zt0y,0.5,
1jye7,306fp,0.3,
1jye7,36mab,0.7,
1jye7,4718r,0.6,
1jye7,4snwv,0.3,
1jye7,4x99y,0.2,
1jye7,6062q,0.2,
1jye7,6xiit,0.1,
1jye7,75581,0.8,
1jye7,7nrit,0.4,
1jye7,7tb58,0.6,
1jye7,95saa,0.8,
1jye7,97vve,0.4,
1jye7,9fwxw,0.9,
1jye7,9n6v4,0.1,
1jye7,9njqe,0.6,
1jye7,a9qsd,0.4,
1jye7,aewa7,0.7,
1jye7,b4bxs,0.2,
1jye7,brhrx,0.3,
1jye7,edf28,0.3,
1jye7,h2aeg,0.3,
1jye7,ickpq,0.2,
1jye7,ijhu4,0.8,
1jye7,m2k0x,0.6,
1jye7,npuga,0.4,
1jye7,o1ojm,0.5,
1jye7,o7hgm,0.8,
1jye7,otwp4,0.3,
1jye7,rcql6,1,
1jye7,rpwiz,0.3,
1jye7,t0nen,0.9,
1jye7,t2ukq,0.2,
1jye7,t3l4h,0.3,
1jye7,tx96a,0.6,
1jye7,u0fbt,0.7,
1jye7,u5ghe,0.3,
1jye7,wpok6,0.2,
1jye7,wvk2n,0.2,
1jye7,xqhhy,0.1,
1jye7,y2i17,0.5,
1jye7,ydda7,0.2,
1t3a0,0k2cq,0.2,
1t3a0,0tsou,0.1,
1t3a0,2zt0y,0.1,
1t3a0,306fp,0.2,
1t3a0,36mab,0.5,
1t3a0,4718r,0.6,
1t3a0,4snwv,0.2,
1t3a0,6062q,0.7,
1t3a0,7nrit,1,
1t3a0,7tb58,0.6,
1t3a0,95saa,0.5,
1t3a0,9fwxw,1,
1t3a0,9h24q,0.1,
1t3a0,9n6v4,0.2,
1t3a0,9njqe,0.3,
1t3a0,a9qsd,0.3,
1t3a0,b4bxs,0.1,
1t3a0,d2tzi,0.6,
1t3a0,h2aeg,0.3,
1t3a0,hktsr,0.3,
1t3a0,i5rpt,0.5,
1t3a0,ijhu4,0.8,
1t3a0,npuga,0.4,
1t3a0,o1ojm,0.2,
1t3a0,o6p8o,0.3,
1t3a0,o7hgm,0.6,
1t3a0,otwp4,0.5,
1t3a0,rcql6,0.5,
1t3a0,rpwiz,0.5,
1t3a0,t0nen,0.2,
1t3a0,t2ukq,0.1,
1t3a0,t3l4h,0.6,
1t3a0,tx96a,0.4,
1t3a0,u0fbt,0.8,
1t3a0,u5ghe,0.3,
1t3a0,wcnoy,0.4,
1t3a0,wpok6,0.2,
1t3a0,wvk2n,0.4,
1t3a0,xqhhy,0.1,
1t3a0,y2i17,0.8,
1t3a0,ydda7,0.7,
25yce,0k2cq,0.6,
25yce,4718r,0.6,
25yce,4snwv,0.2,
25yce,4x99y,0.1,
25yce,6xiit,0.1,
25yce,7nrit,0.2,
25yce,95saa,0.7,
25yce,97vve,0.1,
25yce,9fwxw,0.3,
25yce,9njqe,0.4,
25yce,a9qsd,0.3,
25yce,aewa7,0.3,
25yce,b4bxs,0.2,
25yce,brhrx,0.2,
25yce,d2tzi,0.1,
25yce,edf28,0.1,
25yce,hktsr,0.4,
25yce,i5rpt,0.3,
25yce,ickpq,0.3,
25yce,ijhu4,0.5,
25yce,m2k0x,0.3,
25yce,npuga,0.2,
25yce,o1ojm,0.3,
25yce,o7hgm,0.7,
25yce,otwp4,0.3,
25yce,rcql6,0.4,
25yce,rpwiz,0.2,
25yce,t3l4h,0.2,
25yce,tx96a,0.3,
25yce,u0fbt,0.8,
25yce,u5ghe,0.2,
25yce,wvk2n,0.1,
25yce,xqhhy,0.1,
25yce,y2i17,0.3,
25yce,ydda7,0.3,
2m2bm,2zt0y,0.1,
2m2bm,306fp,0.1,
2m2bm,7nrit,0.1,
2m2bm,95saa,0.2,
2m2bm,97vve,0.1,
2m2bm,9fwxw,0.4,
2m2bm,a9qsd,0.2,
2m2bm,aewa7,0.1,
2m2bm,ijhu4,0.4,
2m2bm,m2k0x,0.2,
2m2bm,npuga,0.2,
2m2bm,o1ojm,0.2,
2m2bm,o6p8o,0.2,
2m2bm,rcql6,0.4,
2nnjj,0k2cq,0.3,
2nnjj,0tsou,0.4,
2nnjj,2zt0y,0.5,
2nnjj,306fp,1,
2nnjj,36mab,0.2,
2nnjj,4718r,0.3,
2nnjj,4snwv,0.4,
2nnjj,6062q,0.3,
2nnjj,6xiit,0.1,
2nnjj,75581,0.2,
2nnjj,7tb58,0.7,
2nnjj,95saa,0.4,
2nnjj,97vve,1,
2nnjj,9fwxw,0.4,
2nnjj,9h24q,0.1,
2nnjj,9n6v4,0.1,
2nnjj,a9qsd,0.2,
2nnjj,aewa7,0.5,
2nnjj,b4bxs,0.2,
2nnjj,d2tzi,0.8,
2nnjj,h2aeg,0.7,
2nnjj,hktsr,0.3,
2nnjj,i5rpt,0.7,
2nnjj,ickpq,0.7,
2nnjj,m2k0x,0.5,
2nnjj,o1ojm,0.9,
2nnjj,o6p8o,0.2,
2nnjj,o7hgm,0.5,
2nnjj,otwp4,0.1,
2nnjj,rcql6,0.4,
2nnjj,rpwiz,0.6,
2nnjj,t0nen,0.3,
2nnjj,t2ukq,0.8,
2nnjj,t3l4h,0.6,
2nnjj,tx96a,0.6,
2nnjj,u5ghe,0.2,
2nnjj,wcnoy,0.7,
2nnjj,xqhhy,0.4,
2nnjj,y2i17,0.2,
2nnjj,ydda7,0.2,
2puxb,0k2cq,0.4,
2puxb,0tsou,0.9,
2puxb,36mab,0.7,
2puxb,4718r,0.3,
2puxb,4snwv,0.6,
2puxb,4x99y,0.9,
2puxb,6062q,0.3,
2puxb,6xiit,0.3,
2puxb,75581,0.8,
2puxb,7nrit,0.5,
2puxb,7tb58,0.6,
2puxb,95saa,0.8,
2puxb,97vve,1,
2puxb,9fwxw,1,
2puxb,9h24q,0.6,
2puxb,9njqe,0.8,
2puxb,a9qsd,0.6,
2puxb,aewa7,0.9,
2puxb,brhrx,0.8,
2puxb,d2tzi,0.9,
2puxb,h2aeg,0.8,
2puxb,hktsr,0.7,
2puxb,i5rpt,0.8,
2puxb,ickpq,0.7,
2puxb,ijhu4,0.7,
2puxb,npuga,0.5,
2puxb,o1ojm,0.9,
2puxb,o6p8o,0.8,
2puxb,o7hgm,1,
2puxb,otwp4,0.2,
2puxb,rcql6,0.8,
2puxb,rpwiz,0.8,
2puxb,t0nen,1,
2puxb,t2ukq,0.7,
2puxb,t3l4h,0.7,
2puxb,tx96a,0.9,
2puxb,u0fbt,0.6,
2puxb,u5ghe,0.6,
2puxb,wcnoy,0.8,
2puxb,wpok6,0.9,
2puxb,wvk2n,1,
2puxb,xqhhy,0.6,
2puxb,y2i17,0.8,
2vptm,306fp,0.2,
2vptm,75581,0.3,
2vptm,7tb58,0.1,
2vptm,95saa,0.3,
2vptm,97vve,0.5,
2vptm,9fwxw,0.3,
2vptm,a9qsd,0.4,
2vptm,aewa7,0.2,
2vptm,brhrx,0.1,
2vptm,d2tzi,0.1,
2vptm,h2aeg,0.2,
2vptm,hktsr,0.3,
2vptm,ijhu4,0.1,
2vptm,m2k0x,0.1,
2vptm,npuga,0.1,
2vptm,o1ojm,0.5,
2vptm,o6p8o,0.1,
2vptm,o7hgm,0.5,
2vptm,rcql6,0.6,
2vptm,t0nen,0.2,
2vptm,tx96a,0.1,
2vptm,u0fbt,0.2,
2vptm,u5ghe,0.1,
2vptm,wcnoy,0.3,
2vptm,wpok6,0.2,
2vptm,y2i17,0.2,
3mz8s,0k2cq,0.9,
3mz8s,2zt0y,0.2,
3mz8s,306fp,0.4,
3mz8s,36mab,0.8,
3mz8s,4718r,0.6,
3mz8s,4snwv,1,
3mz8s,4x99y,0.4,
3mz8s,6062q,0.5,
3mz8s,75581,0.1,
3mz8s,7nrit,0.2,
3mz8s,7tb58,0.6,
3mz8s,95saa,1,
3mz8s,97vve,0.3,
3mz8s,9fwxw,0.2,
3mz8s,9h24q,0.1,
3mz8s,9n6v4,0.2,
3mz8s,9njqe,0.3,
3mz8s,a9qsd,0.5,
3mz8s,aewa7,0.3,
3mz8s,brhrx,0.4,
3mz8s,d2tzi,0.3,
3mz8s,edf28,0.2,
3mz8s,h2aeg,0.3,
3mz8s,hktsr,0.6,
3mz8s,i5rpt,0.6,
3mz8s,ijhu4,0.2,
3mz8s,m2k0x,0.6,
3mz8s,npuga,0.2,
3mz8s,o1ojm,0.7,
3mz8s,o7hgm,0.6,
3mz8s,otwp4,0.6,
3mz8s,rcql6,0.4,
3mz8s,rpwiz,0.5,
3mz8s,t0nen,0.2,
3mz8s,t2ukq,0.3,
3mz8s,t3l4h,0.4,
3mz8s,tx96a,0.6,
3mz8s,u0fbt,0.9,
3mz8s,wcnoy,0.1,
3mz8s,wpok6,0.1,
3mz8s,wvk2n,0.3,
3mz8s,xqhhy,0.4,
3mz8s,y2i17,0.9,
3mz8s,ydda7,0.6,
497o6,36mab,0.1,
497o6,6062q,0.1,
497o6,9fwxw,0.2,
497o6,ijhu4,0.1,
497o6,m2k0x,0.1,
497o6,npuga,0.1,
497o6,o7hgm,0.1,
497o6,rcql6,0.2,
497o6,u0fbt,0.3,
497o6,xqhhy,0.1,
4rfic,0k2cq,0.4,
4rfic,36mab,0.7,
4rfic,4718r,0.8,
4rfic,4snwv,0.1,
4rfic,4x99y,0.2,
4rfic,6062q,0.2,
4rfic,75581,0.1,
4rfic,7nrit,0.1,
4rfic,7tb58,0.2,
4rfic,95saa,0.7,
4rfic,97vve,0.2,
4rfic,9fwxw,0.1,
4rfic,9njqe,0.2,
4rfic,b4bxs,0.1,
4rfic,brhrx,0.2,
4rfic,edf28,0.1,
4rfic,hktsr,0.4,
4rfic,i5rpt,0.1,
4rfic,ickpq,0.1,
4rfic,ijhu4,0.3,
4rfic,m2k0x,0.4,
4rfic,npuga,0.2,
4rfic,o1ojm,0.5,
4rfic,o6p8o,0.2,
4rfic,o7hgm,0.3,
4rfic,rcql6,0.8,
4rfic,t0nen,0.1,
4rfic,t3l4h,0.1,
4rfic,tx96a,0.4,
4rfic,u0fbt,0.5,
4rfic,wvk2n,0.1,
4rfic,y2i17,0.2,
4rfic,ydda7,0.1,
4zpwx,306fp,0.4,
4zpwx,4718r,0.4,
4zpwx,6062q,0.2,
4zpwx,7tb58,0.2,
4zpwx,95saa,0.5,
4zpwx,97vve,0.2,
4zpwx,9fwxw,0.4,
4zpwx,aewa7,0.4,
4zpwx,d2tzi,0.4,
4zpwx,hktsr,0.3,
4zpwx,i5rpt,0.5,
4zpwx,ickpq,0.3,
4zpwx,ijhu4,0.3,
4zpwx,m2k0x,0.2,
4zpwx,npuga,0.2,
4zpwx,o1ojm,0.2,
4zpwx,o7hgm,0.4,
4zpwx,rcql6,0.1,
4zpwx,t3l4h,0.4,
4zpwx,tx96a,0.3,
4zpwx,u0fbt,0.5,
4zpwx,wpok6,0.1,
4zpwx,wvk2n,0.1,
4zpwx,xqhhy,0.1,
4zpwx,y2i17,0.4,
590sb,0k2cq,0.3,
590sb,0tsou,0.3,
590sb,2zt0y,0.2,
590sb,306fp,0.4,
590sb,36mab,0.8,
590sb,4snwv,0.1,
590sb,4x99y,0.4,
590sb,6062q,0.4,
590sb,7nrit,0.1,
590sb,7tb58,0.3,
590sb,95saa,0.6,
590sb,97vve,0.4,
590sb,9fwxw,0.7,
590sb,9h24q,0.1,
590sb,9njqe,0.3,
590sb,a9qsd,0.6,
590sb,aewa7,0.3,
590sb,b4bxs,0.1,
590sb,d2tzi,0.4,
590sb,h2aeg,0.5,
590sb,hktsr,0.6,
590sb,i5rpt,0.5,
590sb,ickpq,0.2,
590sb,ijhu4,0.5,
590sb,m2k0x,0.6,
590sb,npuga,0.2,
590sb,o1ojm,0.7,
590sb,o6p8o,0.3,
590sb,o7hgm,0.9,
590sb,otwp4,0.4,
590sb,rpwiz,0.4,
590sb,t0nen,0.8,
590sb,t2ukq,0.3,
590sb,t3l4h,0.6,
590sb,u0fbt,0.4,
590sb,u5ghe,0.3,
590sb,wcnoy,0.4,
590sb,wpok6,0.5,
590sb,wvk2n,0.3,
590sb,xqhhy,0.2,
590sb,y2i17,0.2,
590sb,ydda7,0.4,
5xqef,36mab,0.1,
5xqef,9fwxw,0.2,
5xqef,u0fbt,0.2,
6e87d,0k2cq,0.1,
6e87d,306fp,0.1,
6e87d,36mab,0.4,
6e87d,4snwv,0.1,
6e87d,6062q,0.1,
6e87d,95saa,0.2,
6e87d,9fwxw,0.3,
6e87d,9n6v4,0.1,
6e87d,a9qsd,0.1,
6e87d,aewa7,0.2,
6e87d,b4bxs,0.1,
6e87d,i5rpt,0.1,
6e87d,ickpq,0.1,
6e87d,ijhu4,0.3,
6e87d,m2k0x,0.1,
6e87d,npuga,0.1,
6e87d,o7hgm,0.1,
6e87d,rcql6,0.2,
6e87d,t0nen,0.1,
6e87d,t3l4h,0.1,
6e87d,tx96a,0.2,
6e87d,u0fbt,0.4,
6e87d,y2i17,0.1,
6fdzg,0k2cq,0.1,
6fdzg,306fp,0.7,
6fdzg,4718r,0.3,
6fdzg,4snwv,0.1,
6fdzg,6062q,0.2,
6fdzg,75581,0.1,
6fdzg,7tb58,0.2,
6fdzg,95saa,0.2,
6fdzg,9fwxw,0.5,
6fdzg,a9qsd,0.1,
6fdzg,brhrx,0.4,
6fdzg,d2tzi,0.2,
6fdzg,edf28,0.1,
6fdzg,h2aeg,0.1,
6fdzg,hktsr,0.2,
6fdzg,i5rpt,0.3,
6fdzg,ijhu4,0.3,
6fdzg,m2k0x,0.2,
6fdzg,npuga,0.2,
6fdzg,o1ojm,0.3,
6fdzg,o7hgm,0.6,
6fdzg,otwp4,0.1,
6fdzg,rcql6,0.2,
6fdzg,rpwiz,0.1,
6fdzg,tx96a,0.3,
6fdzg,u0fbt,0.3,
6fdzg,wcnoy,0.3,
6fdzg,wpok6,0.1,
6fdzg,y2i17,0.1,
6nzye,0tsou,0.4,
6nzye,2zt0y,0.2,
6nzye,306fp,0.6,
6nzye,36mab,0.2,
6nzye,4718r,0.2,
6nzye,4snwv,0.8,
6nzye,6062q,0.2,
6nzye,75581,0.3,
6nzye,7tb58,0.6,
6nzye,97vve,0.6,
6nzye,9fwxw,0.3,
6nzye,a9qsd,0.2,
6nzye,aewa7,0.7,
6nzye,b4bxs,0.5,
6nzye,brhrx,0.7,
6nzye,d2tzi,0.6,
6nzye,h2aeg,0.6,
6nzye,hktsr,0.2,
6nzye,npuga,0.1,
6nzye,o1ojm,0.6,
6nzye,o6p8o,0.1,
6nzye,o7hgm,0.8,
6nzye,otwp4,0.4,
6nzye,rcql6,0.5,
6nzye,rpwiz,0.5,
6nzye,t0nen,0.2,
6nzye,t2ukq,0.6,
6nzye,t3l4h,0.5,
6nzye,tx96a,0.8,
6nzye,u0fbt,0.8,
6nzye,u5ghe,0.2,
6nzye,wcnoy,0.4,
6nzye,wpok6,0.4,
6nzye,wvk2n,0.5,
6nzye,xqhhy,0.3,
6nzye,y2i17,0.4,
6nzye,ydda7,0.4,
6sffc,0k2cq,0.5,
6sffc,0tsou,0.6,
6sffc,2zt0y,0.3,
6sffc,306fp,0.2,
6sffc,36mab,0.3,
6sffc,4718r,0.7,
6sffc,4snwv,0.7,
6sffc,4x99y,0.3,
6sffc,6062q,0.5,
6sffc,6xiit,0.3,
6sffc,75581,0.4,
6sffc,7nrit,0.7,
6sffc,7tb58,1,
6sffc,95saa,0.8,
6sffc,97vve,0.7,
6sffc,9fwxw,1,
6sffc,9njqe,0.6,
6sffc,a9qsd,0.5,
6sffc,aewa7,0.9,
6sffc,b4bxs,0.3,
6sffc,brhrx,0.6,
6sffc,d2tzi,1,
6sffc,h2aeg,0.5,
6sffc,hktsr,0.5,
6sffc,i5rpt,1,
6sffc,ickpq,0.6,
6sffc,ijhu4,0.8,
6sffc,npuga,0.3,
6sffc,o1ojm,0.2,
6sffc,o6p8o,0.2,
6sffc,o7hgm,0.8,
6sffc,otwp4,0.8,
6sffc,rcql6,0.6,
6sffc,t0nen,0.3,
6sffc,t2ukq,0.1,
6sffc,t3l4h,0.6,
6sffc,u5ghe,0.4,
6sffc,wcnoy,0.4,
6sffc,wpok6,0.2,
6sffc,xqhhy,0.3,
6sffc,y2i17,0.9,
6sffc,ydda7,0.7,
6ziq7,2zt0y,0.5,
6ziq7,306fp,0.3,
6ziq7,36mab,0.7,
6ziq7,4snwv,0.2,
6ziq7,4x99y,0.2,
6ziq7,6xiit,0.3,
6ziq7,75581,1,
6ziq7,7nrit,0.6,
6ziq7,7tb58,0.4,
6ziq7,95saa,0.8,
6ziq7,97vve,0.6,
6ziq7,9fwxw,0.7,
6ziq7,9h24q,0.4,
6ziq7,9njqe,0.9,
6ziq7,aewa7,0.3,
6ziq7,b4bxs,0.1,
6ziq7,brhrx,0.3,
6ziq7,d2tzi,0.4,
6ziq7,edf28,0.4,
6ziq7,h2aeg,0.4,
6ziq7,i5rpt,0.4,
6ziq7,ickpq,0.1,
6ziq7,ijhu4,0.8,
6ziq7,m2k0x,0.6,
6ziq7,npuga,0.4,
6ziq7,o1ojm,0.5,
6ziq7,o6p8o,0.8,
6ziq7,o7hgm,0.9,
6ziq7,otwp4,0.4,
6ziq7,rcql6,1,
6ziq7,rpwiz,0.4,
6ziq7,t0nen,1,
6ziq7,t2ukq,0.5,
6ziq7,t3l4h,0.4,
6ziq7,tx96a,0.3,
6ziq7,u0fbt,0.6,
6ziq7,u5ghe,0.6,
6ziq7,wcnoy,0.2,
6ziq7,wpok6,0.6,
6ziq7,wvk2n,0.4,
6ziq7,xqhhy,0.5,
6ziq7,y2i17,0.5,
6ziq7,ydda7,0.2,
89jk4,0k2cq,0.4,
89jk4,0tsou,0.7,
89jk4,2zt0y,0.5,
89jk4,306fp,1,
89jk4,36mab,0.6,
89jk4,4718r,0.5,
89jk4,4snwv,0.4,
89jk4,4x99y,0.6,
89jk4,6xiit,0.3,
89jk4,75581,0.9,
89jk4,7nrit,0.5,
89jk4,7tb58,0.6,
89jk4,95saa,0.2,
89jk4,97vve,0.7,
89jk4,9fwxw,1,
89jk4,9h24q,0.5,
89jk4,9n6v4,0.8,
89jk4,9njqe,0.9,
89jk4,a9qsd,0.4,
89jk4,aewa7,0.7,
89jk4,b4bxs,0.3,
89jk4,brhrx,0.9,
89jk4,d2tzi,1,
89jk4,edf28,0.6,
89jk4,hktsr,0.3,
89jk4,i5rpt,0.8,
89jk4,ickpq,0.3,
89jk4,ijhu4,0.6,
89jk4,m2k0x,0.6,
89jk4,npuga,0.3,
89jk4,o1ojm,0.8,
89jk4,o6p8o,0.4,
89jk4,otwp4,0.2,
89jk4,rcql6,0.5,
89jk4,t2ukq,0.8,
89jk4,tx96a,0.7,
89jk4,u0fbt,0.5,
89jk4,u5ghe,0.5,
89jk4,wcnoy,1,
89jk4,wvk2n,0.9,
89jk4,xqhhy,0.4,
89jk4,y2i17,0.7,
89jk4,ydda7,0.4,
8cnav,306fp,0.1,
8cnav,4718r,0.2,
8cnav,4x99y,0.2,
8cnav,6062q,0.1,
8cnav,75581,0.1,
8cnav,7tb58,0.2,
8cnav,95saa,0.1,
8cnav,97vve,0.1,
8cnav,9fwxw,0.5,
8cnav,brhrx,0.1,
8cnav,d2tzi,0.2,
8cnav,edf28,0.1,
8cnav,hktsr,0.1,
8cnav,i5rpt,0.1,
8cnav,ijhu4,0.5,
8cnav,m2k0x,0.1,
8cnav,npuga,0.1,
8cnav,o7hgm,0.1,
8cnav,t3l4h,0.1,
8cnav,tx96a,0.2,
8cnav,u0fbt,0.4,
8cnav,xqhhy,0.1,
8kf0k,0k2cq,0.8,
8kf0k,2zt0y,0.2,
8kf0k,306fp,0.4,
8kf0k,36mab,0.6,
8kf0k,4x99y,0.1,
8kf0k,6062q,1,
8kf0k,6xiit,0.5,
8kf0k,75581,0.9,
8kf0k,7tb58,0.8,
8kf0k,95saa,0.8,
8kf0k,97vve,0.3,
8kf0k,9fwxw,0.8,
8kf0k,9h24q,0.2,
8kf0k,9n6v4,0.2,
8kf0k,9njqe,0.9,
8kf0k,a9qsd,0.8,
8kf0k,aewa7,0.8,
8kf0k,b4bxs,0.8,
8kf0k,brhrx,0.7,
8kf0k,d2tzi,0.7,
8kf0k,edf28,0.2,
8kf0k,h2aeg,0.3,
8kf0k,hktsr,0.8,
8kf0k,i5rpt,0.8,
8kf0k,ickpq,0.4,
8kf0k,ijhu4,0.9,
8kf0k,m2k0x,0.7,
8kf0k,npuga,0.5,
8kf0k,o1ojm,0.7,
8kf0k,o6p8o,0.8,
8kf0k,o7hgm,1,
8kf0k,otwp4,0.9,
8kf0k,rcql6,0.7,
8kf0k,rpwiz,0.7,
8kf0k,t0nen,0.5,
8kf0k,t2ukq,0.3,
8kf0k,tx96a,0.8,
8kf0k,u0fbt,1,
8kf0k,wcnoy,0.3,
8kf0k,wpok6,0.4,
8kf0k,wvk2n,0.4,
8kf0k,xqhhy,0.3,
8kf0k,ydda7,0.9,
8nq32,0k2cq,0.3,
8nq32,2zt0y,0.1,
8nq32,306fp,0.1,
8nq32,36mab,0.2,
8nq32,4x99y,0.2,
8nq32,7tb58,0.6,
8nq32,95saa,0.4,
8nq32,97vve,0.2,
8nq32,a9qsd,0.1,
8nq32,aewa7,0.4,
8nq32,brhrx,0.2,
8nq32,d2tzi,0.3,
8nq32,i5rpt,0.2,
8nq32,ijhu4,0.1,
8nq32,m2k0x,0.2,
8nq32,npuga,0.1,
8nq32,o1ojm,0.3,
8nq32,o7hgm,0.3,
8nq32,otwp4,0.1,
8nq32,rcql6,0.5,
8nq32,rpwiz,0.2,
8nq32,t3l4h,0.1,
8nq32,tx96a,0.4,
8nq32,wcnoy,0.2,
8nq32,wpok6,0.1,
8nq32,xqhhy,0.1,
8nq32,y2i17,0.1,
98p1u,0tsou,0.6,
98p1u,2zt0y,0.2,
98p1u,4718r,1,
98p1u,4x99y,0.2,
98p1u,6xiit,0.3,
98p1u,75581,0.4,
98p1u,7nrit,0.5,
98p1u,7tb58,0.9,
98p1u,95saa,1,
98p1u,97vve,0.4,
98p1u,9fwxw,0.7,
98p1u,9n6v4,0.5,
98p1u,a9qsd,0.7,
98p1u,aewa7,0.6,
98p1u,b4bxs,1,
98p1u,brhrx,0.8,
98p1u,d2tzi,0.6,
98p1u,edf28,0.2,
98p1u,h2aeg,0.3,
98p1u,hktsr,0.5,
98p1u,i5rpt,0.8,
98p1u,ickpq,1,
98p1u,ijhu4,0.6,
98p1u,m2k0x,0.8,
98p1u,npuga,0.4,
98p1u,o1ojm,0.4,
98p1u,o6p8o,0.5,
98p1u,o7hgm,0.9,
98p1u,otwp4,0.9,
98p1u,rcql6,0.4,
98p1u,rpwiz,0.6,
98p1u,t0nen,0.3,
98p1u,t2ukq,0.5,
98p1u,tx96a,0.6,
98p1u,u0fbt,0.8,
98p1u,wcnoy,0.3,
98p1u,wpok6,0.3,
98p1u,wvk2n,0.6,
98p1u,xqhhy,0.3,
98p1u,y2i17,0.9,
9byse,306fp,0.5,
9byse,36mab,0.8,
9byse,4718r,0.3,
9byse,4snwv,0.1,
9byse,6062q,0.3,
9byse,6xiit,0.1,
9byse,75581,1,
9byse,7nrit,0.7,
9byse,7tb58,0.4,
9byse,95saa,0.4,
9byse,97vve,0.6,
9byse,9fwxw,0.8,
9byse,9h24q,0.8,
9byse,9njqe,0.7,
9byse,a9qsd,0.5,
9byse,aewa7,0.6,
9byse,d2tzi,0.4,
9byse,edf28,0.7,
9byse,h2aeg,0.4,
9byse,hktsr,0.5,
9byse,i5rpt,0.3,
9byse,ickpq,0.2,
9byse,ijhu4,0.9,
9byse,m2k0x,0.6,
9byse,npuga,0.4,
9byse,o1ojm,0.4,
9byse,o6p8o,0.6,
9byse,o7hgm,0.8,
9byse,otwp4,0.2,
9byse,rcql6,0.9,
9byse,rpwiz,0.2,
9byse,t0nen,1,
9byse,t2ukq,0.6,
9byse,tx96a,0.4,
9byse,u5ghe,0.5,
9byse,wcnoy,0.8,
9byse,wpok6,0.8,
9byse,wvk2n,0.5,
9byse,xqhhy,0.4,
9byse,y2i17,0.1,
9byse,ydda7,0.1,
9et5y,0k2cq,0.2,
9et5y,306fp,0.1,
9et5y,36mab,0.2,
9et5y,4718r,0.4,
9et5y,4snwv,0.4,
9et5y,6062q,0.4,
9et5y,7nrit,0.2,
9et5y,7tb58,0.2,
9et5y,95saa,0.3,
9et5y,97vve,0.1,
9et5y,9fwxw,0.6,
9et5y,9njqe,0.3,
9et5y,a9qsd,0.1,
9et5y,aewa7,0.5,
9et5y,b4bxs,0.1,
9et5y,brhrx,0.1,
9et5y,hktsr,0.1,
9et5y,i5rpt,0.3,
9et5y,ickpq,0.1,
9et5y,ijhu4,0.4,
9et5y,m2k0x,0.2,
9et5y,npuga,0.2,
9et5y,o7hgm,0.2,
9et5y,otwp4,0.1,
9et5y,rcql6,0.4,
9et5y,t3l4h,0.3,
9et5y,tx96a,0.3,
9et5y,u0fbt,0.8,
9et5y,xqhhy,0.1,
9et5y,y2i17,0.7,
9n8a2,0k2cq,0.1,
9n8a2,2zt0y,0.3,
9n8a2,306fp,0.1,
9n8a2,36mab,0.5,
9n8a2,4718r,0.5,
9n8a2,4snwv,0.2,
9n8a2,6062q,0.5,
9n8a2,75581,0.5,
9n8a2,7tb58,0.7,
9n8a2,97vve,0.4,
9n8a2,9h24q,0.3,
9n8a2,a9qsd,0.3,
9n8a2,aewa7,0.8,
9n8a2,b4bxs,0.1,
9n8a2,brhrx,0.2,
9n8a2,d2tzi,0.7,
9n8a2,edf28,0.1,
9n8a2,h2aeg,0.2,
9n8a2,hktsr,0.4,
9n8a2,i5rpt,0.3,
9n8a2,ijhu4,0.8,
9n8a2,m2k0x,0.1,
9n8a2,npuga,0.4,
9n8a2,o1ojm,0.1,
9n8a2,o6p8o,0.3,
9n8a2,o7hgm,0.5,
9n8a2,otwp4,0.4,
9n8a2,rcql6,0.4,
9n8a2,t0nen,0.3,
9n8a2,t2ukq,0.2,
9n8a2,t3l4h,0.4,
9n8a2,tx96a,0.3,
9n8a2,u0fbt,1,
9n8a2,u5ghe,0.1,
9n8a2,wcnoy,0.5,
9n8a2,wpok6,0.2,
9n8a2,wvk2n,0.3,
9n8a2,xqhhy,0.2,
9n8a2,y2i17,0.8,
9n8a2,ydda7,0.5,
9qnd4,0k2cq,0.1,
9qnd4,36mab,0.3,
9qnd4,4718r,0.5,
9qnd4,4snwv,0.1,
9qnd4,4x99y,0.1,
9qnd4,6062q,0.2,
9qnd4,6xiit,0.1,
9qnd4,75581,0.3,
9qnd4,7nrit,0.3,
9qnd4,95saa,0.2,
9qnd4,97vve,0.1,
9qnd4,9fwxw,0.7,
9qnd4,9h24q,0.1,
9qnd4,9njqe,0.2,
9qnd4,aewa7,0.1,
9qnd4,brhrx,0.2,
9qnd4,d2tzi,0.3,
9qnd4,edf28,0.1,
9qnd4,h2aeg,0.1,
9qnd4,hktsr,0.1,
9qnd4,i5rpt,0.1,
9qnd4,ijhu4,0.5,
9qnd4,m2k0x,0.2,
9qnd4,npuga,0.2,
9qnd4,o1ojm,0.1,
9qnd4,o6p8o,0.1,
9qnd4,o7hgm,0.2,
9qnd4,otwp4,0.3,
9qnd4,rcql6,0.3,
9qnd4,tx96a,0.1,
9qnd4,u0fbt,0.5,
9qnd4,wcnoy,0.1,
9qnd4,wpok6,0.1,
9qnd4,y2i17,0.2,
bf05n,0k2cq,0.1,
bf05n,0tsou,0.3,
bf05n,2zt0y,0.6,
bf05n,306fp,0.1,
bf05n,36mab,0.6,
bf05n,4718r,0.3,
bf05n,4snwv,0.2,
bf05n,4x99y,0.2,
bf05n,6062q,0.2,
bf05n,75581,0.7,
bf05n,7nrit,0.1,
bf05n,7tb58,0.1,
bf05n,95saa,0.8,
bf05n,9fwxw,0.3,
bf05n,9h24q,0.1,
bf05n,9n6v4,0.2,
bf05n,9njqe,0.3,
bf05n,aewa7,0.2,
bf05n,brhrx,0.1,
bf05n,d2tzi,0.1,
bf05n,edf28,0.2,
bf05n,h2aeg,0.1,
bf05n,i5rpt,0.1,
bf05n,ickpq,0.1,
bf05n,ijhu4,0.6,
bf05n,m2k0x,0.7,
bf05n,npuga,0.2,
bf05n,o7hgm,0.6,
bf05n,otwp4,0.2,
bf05n,rcql6,0.9,
bf05n,rpwiz,0.2,
bf05n,t0nen,0.7,
bf05n,t2ukq,0.2,
bf05n,t3l4h,0.1,
bf05n,tx96a,0.4,
bf05n,u0fbt,0.4,
bf05n,u5ghe,0.4,
bf05n,wcnoy,0.1,
bf05n,wpok6,0.1,
bf05n,wvk2n,0.1,
bf05n,xqhhy,0.2,
bf05n,y2i17,0.3,
bf05n,ydda7,0.1,
bpp19,0k2cq,0.7,
bpp19,306fp,0.7,
bpp19,4718r,0.2,
bpp19,4x99y,0.2,
bpp19,6062q,0.3,
bpp19,6xiit,0.1,
bpp19,75581,0.1,
bpp19,7tb58,0.6,
bpp19,95saa,0.6,
bpp19,97vve,0.3,
bpp19,9fwxw,0.3,
bpp19,9n6v4,0.1,
bpp19,a9qsd,0.1,
bpp19,aewa7,0.6,
bpp19,b4bxs,0.3,
bpp19,brhrx,0.6,
bpp19,d2tzi,0.7,
bpp19,edf28,0.2,
bpp19,hktsr,0.1,
bpp19,i5rpt,0.7,
bpp19,ijhu4,0.1,
bpp19,m2k0x,0.1,
bpp19,npuga,0.1,
bpp19,o1ojm,0.4,
bpp19,o7hgm,0.5,
bpp19,otwp4,0.2,
bpp19,rcql6,0.2,
bpp19,rpwiz,0.4,
bpp19,t2ukq,0.1,
bpp19,t3l4h,0.4,
bpp19,tx96a,0.6,
bpp19,u0fbt,0.9,
bpp19,wcnoy,0.1,
bpp19,wpok6,0.3,
bpp19,xqhhy,0.1,
bpp19,y2i17,0.5,
bpp19,ydda7,0.2,
btgs5,0k2cq,0.1,
btgs5,0tsou,0.5,
btgs5,2zt0y,0.4,
btgs5,4718r,0.3,
btgs5,4snwv,0.2,
btgs5,4x99y,0.2,
btgs5,6062q,0.5,
btgs5,75581,0.5,
btgs5,7nrit,0.7,
btgs5,7tb58,0.6,
btgs5,95saa,0.2,
btgs5,97vve,0.3,
btgs5,9fwxw,0.9,
btgs5,9n6v4,0.8,
btgs5,9njqe,0.8,
btgs5,a9qsd,0.5,
btgs5,aewa7,0.9,
btgs5,b4bxs,0.2,
btgs5,brhrx,0.3,
btgs5,d2tzi,0.9,
btgs5,edf28,0.3,
btgs5,h2aeg,0.4,
btgs5,hktsr,0.1,
btgs5,ickpq,0.2,
btgs5,npuga,0.2,
btgs5,o1ojm,0.3,
btgs5,o6p8o,0.4,
btgs5,o7hgm,0.8,
btgs5,otwp4,0.1,
btgs5,rcql6,0.5,
btgs5,rpwiz,0.3,
btgs5,t0nen,0.6,
btgs5,t2ukq,0.2,
btgs5,t3l4h,0.4,
btgs5,tx96a,0.3,
btgs5,u0fbt,0.8,
btgs5,u5ghe,0.1,
btgs5,wcnoy,0.6,
btgs5,wpok6,0.9,
btgs5,xqhhy,0.5,
btgs5,y2i17,0.6,
btgs5,ydda7,0.4,
c562q,306fp,0.1,
c562q,36mab,0.3,
c562q,4718r,0.2,
c562q,4x99y,0.1,
c562q,6062q,0.1,
c562q,6xiit,0.1,
c562q,7nrit,0.4,
c562q,7tb58,0.3,
c562q,9h24q,0.1,
c562q,9njqe,0.1,
c562q,a9qsd,0.1,
c562q,aewa7,0.3,
c562q,brhrx,0.1,
c562q,d2tzi,0.4,
c562q,edf28,0.1,
c562q,h2aeg,0.2,
c562q,i5rpt,0.1,
c562q,ickpq,0.1,
c562q,ijhu4,0.6,
c562q,npuga,0.2,
c562q,o1ojm,0.1,
c562q,o7hgm,0.4,
c562q,t0nen,0.1,
c562q,t3l4h,0.1,
c562q,tx96a,0.1,
c562q,wpok6,0.1,
c562q,xqhhy,0.1,
cl746,2zt0y,0.5,
cl746,306fp,0.5,
cl746,36mab,0.6,
cl746,4x99y,0.3,
cl746,6xiit,0.1,
cl746,75581,0.3,
cl746,7nrit,0.2,
cl746,7tb58,0.2,
cl746,97vve,0.2,
cl746,9fwxw,0.7,
cl746,9h24q,0.5,
cl746,9njqe,0.1,
cl746,a9qsd,0.3,
cl746,aewa7,0.1,
cl746,d2tzi,0.2,
cl746,edf28,0.2,
cl746,hktsr,0.1,
cl746,ickpq,0.1,
cl746,ijhu4,0.3,
cl746,o1ojm,0.3,
cl746,o6p8o,0.2,
cl746,rcql6,0.5,
cl746,t0nen,0.6,
cl746,t2ukq,0.1,
cl746,u0fbt,0.1,
cl746,u5ghe,0.1,
cl746,wcnoy,0.6,
cl746,wpok6,0.7,
cl746,wvk2n,0.4,
cl746,xqhhy,0.3,
d46yq,0k2cq,0.4,
d46yq,36mab,0.5,
d46yq,4718r,0.9,
d46yq,4snwv,0.3,
d46yq,4x99y,0.2,
d46yq,6062q,0.6,
d46yq,75581,0.1,
d46yq,95saa,0.5,
d46yq,97vve,0.2,
d46yq,9fwxw,0.5,
d46yq,9n6v4,0.1,
d46yq,aewa7,0.3,
d46yq,b4bxs,0.3,
d46yq,brhrx,0.2,
d46yq,d2tzi,0.3,
d46yq,h2aeg,0.1,
d46yq,hktsr,0.3,
d46yq,i5rpt,0.4,
d46yq,ickpq,0.3,
d46yq,ijhu4,0.3,
d46yq,m2k0x,0.3,
d46yq,npuga,0.3,
d46yq,o1ojm,0.2,
d46yq,o6p8o,0.1,
d46yq,o7hgm,0.4,
d46yq,otwp4,0.7,
d46yq,rcql6,0.3,
d46yq,t3l4h,0.2,
d46yq,tx96a,0.4,
d46yq,u0fbt,0.9,
d46yq,wvk2n,0.2,
d46yq,y2i17,0.6,
dbgra,0k2cq,0.1,
dbgra,0tsou,0.6,
dbgra,2zt0y,1,
dbgra,306fp,0.8,
dbgra,36mab,0.9,
dbgra,4snwv,0.1,
dbgra,6xiit,0.1,
dbgra,75581,0.9,
dbgra,7nrit,0.3,
dbgra,7tb58,0.6,
dbgra,95saa,0.7,
dbgra,9fwxw,0.7,
dbgra,9h24q,0.6,
dbgra,9njqe,0.6,
dbgra,a9qsd,0.6,
dbgra,aewa7,0.5,
dbgra,b4bxs,0.2,
dbgra,brhrx,0.3,
dbgra,d2tzi,0.4,
dbgra,edf28,0.7,
dbgra,h2aeg,0.5,
dbgra,hktsr,0.7,
dbgra,i5rpt,0.5,
dbgra,ickpq,0.3,
dbgra,ijhu4,0.5,
dbgra,m2k0x,0.6,
dbgra,npuga,0.4,
dbgra,o1ojm,0.6,
dbgra,o6p8o,0.7,
dbgra,o7hgm,1,
dbgra,otwp4,0.3,
dbgra,rcql6,1,
dbgra,rpwiz,0.3,
dbgra,t2ukq,0.4,
dbgra,t3l4h,0.3,
dbgra,tx96a,0.4,
dbgra,u0fbt,0.2,
dbgra,u5ghe,0.4,
dbgra,wcnoy,0.6,
dbgra,wpok6,0.7,
dbgra,xqhhy,0.4,
dbgra,y2i17,0.2,
dveio,0k2cq,0.1,
dveio,0tsou,0.6,
dveio,2zt0y,0.8,
dveio,306fp,0.7,
dveio,36mab,1,
dveio,4718r,0.2,
dveio,4snwv,0.1,
dveio,4x99y,0.7,
dveio,6062q,0.2,
dveio,6xiit,0.5,
dveio,75581,0.9,
dveio,7nrit,0.7,
dveio,7tb58,0.6,
dveio,95saa,0.4,
dveio,97vve,0.8,
dveio,9fwxw,0.9,
dveio,9n6v4,1,
dveio,a9qsd,0.6,
dveio,aewa7,0.8,
dveio,brhrx,0.3,
dveio,d2tzi,0.8,
dveio,edf28,0.8,
dveio,h2aeg,1,
dveio,hktsr,0.4,
dveio,i5rpt,0.2,
dveio,ickpq,0.3,
dveio,ijhu4,0.8,
dveio,o1ojm,0.7,
dveio,o6p8o,0.5,
dveio,o7hgm,0.8,
dveio,otwp4,0.1,
dveio,t0nen,1,
dveio,t2ukq,0.8,
dveio,t3l4h,0.4,
dveio,tx96a,0.1,
dveio,u0fbt,0.2,
dveio,u5ghe,0.7,
dveio,wpok6,1,
dveio,xqhhy,0.7,
dveio,y2i17,0.4,
dveio,ydda7,0.2,
ec4my,75581,0.2,
ec4my,7nrit,0.1,
ec4my,a9qsd,0.1,
ec4my,brhrx,0.1,
ec4my,hktsr,0.1,
ec4my,ijhu4,0.2,
ec4my,m2k0x,0.1,
ec4my,npuga,0.1,
ec4my,o1ojm,0.4,
ec4my,o7hgm,0.1,
ec4my,otwp4,0.1,
ec4my,t3l4h,0.1,
ec4my,tx96a,0.1,
fr80y,0k2cq,1,
fr80y,0tsou,0.7,
fr80y,2zt0y,0.2,
fr80y,306fp,0.7,
fr80y,36mab,0.3,
fr80y,4718r,0.6,
fr80y,4snwv,0.9,
fr80y,4x99y,0.5,
fr80y,6062q,0.7,
fr80y,6xiit,0.4,
fr80y,7nrit,0.3,
fr80y,7tb58,1,
fr80y,95saa,0.9,
fr80y,97vve,0.7,
fr80y,9fwxw,0.5,
fr80y,9h24q,0.1,
fr80y,9n6v4,0.2,
fr80y,9njqe,0.3,
fr80y,a9qsd,0.4,
fr80y,aewa7,0.8,
fr80y,brhrx,1,
fr80y,d2tzi,0.8,
fr80y,edf28,0.5,
fr80y,h2aeg,0.5,
fr80y,hktsr,0.8,
fr80y,i5rpt,1,
fr80y,ijhu4,0.5,
fr80y,m2k0x,0.8,
fr80y,npuga,0.2,
fr80y,o1ojm,0.8,
fr80y,o6p8o,0.4,
fr80y,o7hgm,0.9,
fr80y,rcql6,0.5,
fr80y,rpwiz,0.9,
fr80y,t0nen,0.4,
fr80y,t3l4h,1,
fr80y,u0fbt,1,
fr80y,u5ghe,0.8,
fr80y,wcnoy,0.5,
fr80y,wpok6,0.3,
fr80y,wvk2n,0.5,
fr80y,xqhhy,0.2,
fr80y,y2i17,1,
fr80y,ydda7,1,
g7vsh,0tsou,0.1,
g7vsh,2zt0y,0.1,
g7vsh,306fp,0.3,
g7vsh,36mab,0.1,
g7vsh,4718r,0.3,
g7vsh,4snwv,0.2,
g7vsh,4x99y,0.3,
g7vsh,6062q,0.2,
g7vsh,6xiit,0.1,
g7vsh,75581,0.2,
g7vsh,7tb58,0.7,
g7vsh,95saa,0.4,
g7vsh,97vve,0.4,
g7vsh,9fwxw,0.5,
g7vsh,a9qsd,0.1,
g7vsh,aewa7,0.5,
g7vsh,brhrx,0.4,
g7vsh,d2tzi,0.8,
g7vsh,edf28,0.1,
g7vsh,hktsr,0.2,
g7vsh,i5rpt,0.6,
g7vsh,ickpq,0.3,
g7vsh,m2k0x,0.3,
g7vsh,npuga,0.1,
g7vsh,o1ojm,0.3,
g7vsh,o7hgm,0.5,
g7vsh,rcql6,0.4,
g7vsh,t0nen,0.1,
g7vsh,t2ukq,0.1,
g7vsh,t3l4h,0.3,
g7vsh,tx96a,0.5,
g7vsh,u0fbt,0.3,
g7vsh,u5ghe,0.2,
g7vsh,wcnoy,0.5,
g7vsh,wpok6,0.2,
g7vsh,xqhhy,0.2,
g7vsh,y2i17,0.2,
g9iio,0k2cq,0.1,
g9iio,0tsou,0.3,
g9iio,306fp,0.4,
g9iio,36mab,0.3,
g9iio,4718r,0.7,
g9iio,4snwv,0.4,
g9iio,4x99y,0.1,
g9iio,75581,0.1,
g9iio,7nrit,0.1,
g9iio,7tb58,0.4,
g9iio,95saa,0.6,
g9iio,97vve,0.3,
g9iio,9fwxw,0.7,
g9iio,9njqe,0.3,
g9iio,aewa7,0.4,
g9iio,b4bxs,0.1,
g9iio,brhrx,0.4,
g9iio,d2tzi,0.5,
g9iio,h2aeg,0.1,
g9iio,hktsr,0.2,
g9iio,i5rpt,0.4,
g9iio,ickpq,0.3,
g9iio,m2k0x,0.6,
g9iio,npuga,0.2,
g9iio,o1ojm,0.5,
g9iio,o7hgm,0.3,
g9iio,otwp4,0.4,
g9iio,rcql6,0.5,
g9iio,rpwiz,0.2,
g9iio,t0nen,0.2,
g9iio,tx96a,0.6,
g9iio,u0fbt,0.6,
g9iio,wcnoy,0.2,
g9iio,wpok6,0.2,
g9iio,xqhhy,0.2,
g9iio,y2i17,0.3,
g9iio,ydda7,0.1,
glywi,0k2cq,0.2,
glywi,2zt0y,0.3,
glywi,306fp,0.3,
glywi,36mab,0.7,
glywi,4718r,0.1,
glywi,4snwv,0.2,
glywi,4x99y,0.3,
glywi,7nrit,0.1,
glywi,7tb58,0.3,
glywi,95saa,0.7,
glywi,97vve,0.5,
glywi,9fwxw,0.4,
glywi,a9qsd,0.4,
glywi,aewa7,0.3,
glywi,brhrx,0.2,
glywi,d2tzi,0.1,
glywi,edf28,0.2,
glywi,h2aeg,0.1,
glywi,hktsr,0.7,
glywi,i5rpt,0.1,
glywi,ijhu4,0.4,
glywi,m2k0x,0.3,
glywi,npuga,0.3,
glywi,o1ojm,0.6,
glywi,o6p8o,0.3,
glywi,o7hgm,0.7,
glywi,otwp4,0.1,
glywi,rcql6,0.7,
glywi,rpwiz,0.3,
glywi,t2ukq,0.2,
glywi,tx96a,0.5,
glywi,u0fbt,0.5,
glywi,u5ghe,0.1,
glywi,wcnoy,0.2,
glywi,wvk2n,0.3,
glywi,xqhhy,0.1,
glywi,y2i17,0.1,
gm5cd,0k2cq,0.1,
gm5cd,75581,0.1,
gm5cd,7nrit,0.1,
gm5cd,95saa,0.1,
gm5cd,aewa7,0.2,
gm5cd,ijhu4,0.3,
gm5cd,npuga,0.2,
gm5cd,tx96a,0.1,
gm5cd,u0fbt,0.2,
h66nj,0k2cq,0.1,
h66nj,2zt0y,0.3,
h66nj,306fp,0.6,
h66nj,36mab,0.1,
h66nj,4718r,0.2,
h66nj,4x99y,0.2,
h66nj,6062q,0.3,
h66nj,6xiit,0.1,
h66nj,75581,0.4,
h66nj,7nrit,0.4,
h66nj,7tb58,0.4,
h66nj,97vve,0.2,
h66nj,9fwxw,0.9,
h66nj,9h24q,0.1,
h66nj,9n6v4,0.1,
h66nj,9njqe,0.3,
h66nj,a9qsd,0.1,
h66nj,b4bxs,0.1,
h66nj,brhrx,0.5,
h66nj,d2tzi,1,
h66nj,edf28,0.6,
h66nj,h2aeg,0.6,
h66nj,i5rpt,0.6,
h66nj,ijhu4,0.3,
h66nj,m2k0x,0.1,
h66nj,npuga,0.1,
h66nj,o1ojm,0.4,
h66nj,o6p8o,0.2,
h66nj,o7hgm,0.6,
h66nj,rcql6,0.2,
h66nj,rpwiz,0.3,
h66nj,t0nen,0.3,
h66nj,t2ukq,0.3,
h66nj,t3l4h,0.7,
h66nj,tx96a,0.4,
h66nj,u0fbt,0.3,
h66nj,wpok6,0.7,
h66nj,wvk2n,0.5,
h66nj,xqhhy,0.2,
h66nj,y2i17,0.3,
hl1nv,306fp,0.1,
hl1nv,36mab,0.8,
hl1nv,4718r,0.3,
hl1nv,4snwv,0.1,
hl1nv,4x99y,0.1,
hl1nv,6062q,0.2,
hl1nv,7nrit,0.6,
hl1nv,7tb58,0.4,
hl1nv,95saa,0.2,
hl1nv,97vve,0.2,
hl1nv,9fwxw,0.9,
hl1nv,9njqe,0.5,
hl1nv,a9qsd,0.5,
hl1nv,aewa7,0.3,
hl1nv,brhrx,0.1,
hl1nv,d2tzi,0.1,
hl1nv,h2aeg,0.2,
hl1nv,hktsr,0.2,
hl1nv,ickpq,0.1,
hl1nv,ijhu4,0.8,
hl1nv,m2k0x,0.2,
hl1nv,npuga,0.3,
hl1nv,o1ojm,0.2,
hl1nv,o6p8o,0.2,
hl1nv,o7hgm,0.4,
hl1nv,t0nen,0.3,
hl1nv,t3l4h,0.1,
hl1nv,tx96a,0.1,
hl1nv,u0fbt,0.8,
hl1nv,u5ghe,0.2,
hl1nv,wcnoy,0.1,
hl1nv,wpok6,0.1,
hl1nv,wvk2n,0.1,
hl1nv,xqhhy,0.2,
hqqmp,36mab,0.5,
hqqmp,4718r,0.3,
hqqmp,4snwv,0.1,
hqqmp,6062q,0.3,
hqqmp,75581,0.1,
hqqmp,7nrit,0.6,
hqqmp,7tb58,0.3,
hqqmp,95saa,0.1,
hqqmp,9fwxw,0.7,
hqqmp,9njqe,0.2,
hqqmp,a9qsd,0.1,
hqqmp,aewa7,0.3,
hqqmp,d2tzi,0.2,
hqqmp,h2aeg,0.2,
hqqmp,hktsr,0.1,
hqqmp,ijhu4,0.8,
hqqmp,npuga,0.2,
hqqmp,o6p8o,0.2,
hqqmp,o7hgm,0.2,
hqqmp,otwp4,0.1,
hqqmp,rcql6,0.1,
hqqmp,t3l4h,0.1,
hqqmp,u0fbt,0.6,
hqqmp,wcnoy,0.1,
hqqmp,xqhhy,0.1,
huab7,9fwxw,0.1,
huab7,m2k0x,0.1,
huab7,rcql6,0.1,
huab7,u0fbt,0.3,
hwj0l,0k2cq,0.6,
hwj0l,306fp,0.7,
hwj0l,36mab,0.3,
hwj0l,4snwv,0.5,
hwj0l,6062q,0.7,
hwj0l,6xiit,0.1,
hwj0l,75581,0.3,
hwj0l,7nrit,0.2,
hwj0l,7tb58,0.4,
hwj0l,97vve,0.5,
hwj0l,9fwxw,0.7,
hwj0l,9h24q,0.1,
hwj0l,9n6v4,0.1,
hwj0l,aewa7,0.6,
hwj0l,b4bxs,0.3,
hwj0l,brhrx,0.7,
hwj0l,d2tzi,0.6,
hwj0l,edf28,0.2,
hwj0l,h2aeg,0.1,
hwj0l,hktsr,0.2,
hwj0l,i5rpt,0.5,
hwj0l,ijhu4,0.4,
hwj0l,m2k0x,0.4,
hwj0l,npuga,0.2,
hwj0l,o1ojm,0.6,
hwj0l,o6p8o,0.1,
hwj0l,otwp4,0.2,
hwj0l,rcql6,0.3,
hwj0l,rpwiz,0.4,
hwj0l,t0nen,0.1,
hwj0l,t2ukq,0.2,
hwj0l,u0fbt,0.6,
hwj0l,u5ghe,0.1,
hwj0l,wcnoy,0.2,
hwj0l,wvk2n,0.3,
hwj0l,xqhhy,0.1,
hwj0l,y2i17,0.6,
hwj0l,ydda7,0.4,
i5y9g,0k2cq,0.6,
i5y9g,0tsou,0.3,
i5y9g,2zt0y,0.6,
i5y9g,36mab,0.4,
i5y9g,4718r,0.5,
i5y9g,4snwv,0.2,
i5y9g,6062q,0.4,
i5y9g,75581,0.8,
i5y9g,7nrit,0.1,
i5y9g,95saa,0.8,
i5y9g,97vve,0.8,
i5y9g,9n6v4,0.1,
i5y9g,9njqe,0.1,
i5y9g,a9qsd,0.5,
i5y9g,aewa7,0.3,
i5y9g,b4bxs,0.2,
i5y9g,brhrx,0.9,
i5y9g,d2tzi,0.3,
i5y9g,edf28,0.3,
i5y9g,h2aeg,0.3,
i5y9g,hktsr,0.8,
i5y9g,i5rpt,0.7,
i5y9g,ickpq,0.6,
i5y9g,ijhu4,0.3,
i5y9g,npuga,0.1,
i5y9g,o1ojm,1,
i5y9g,o6p8o,0.6,
i5y9g,o7hgm,0.8,
i5y9g,rcql6,0.7,
i5y9g,rpwiz,0.6,
i5y9g,t0nen,0.5,
i5y9g,t3l4h,0.6,
i5y9g,tx96a,0.8,
i5y9g,u0fbt,0.3,
i5y9g,u5ghe,0.6,
i5y9g,wcnoy,0.5,
i5y9g,wpok6,0.2,
i5y9g,wvk2n,0.3,
i5y9g,xqhhy,0.2,
i5y9g,y2i17,0.1,
i5y9g,ydda7,0.4,
ijem1,0k2cq,0.8,
ijem1,0tsou,0.3,
ijem1,2zt0y,0.3,
ijem1,306fp,0.4,
ijem1,36mab,0.7,
ijem1,4718r,0.9,
ijem1,4snwv,0.8,
ijem1,4x99y,0.5,
ijem1,6062q,0.8,
ijem1,6xiit,0.2,
ijem1,75581,0.5,
ijem1,7nrit,0.4,
ijem1,7tb58,0.8,
ijem1,95saa,0.9,
ijem1,97vve,0.5,
ijem1,9fwxw,0.2,
ijem1,9h24q,0.1,
ijem1,9n6v4,0.3,
ijem1,9njqe,0.4,
ijem1,b4bxs,0.8,
ijem1,brhrx,0.6,
ijem1,d2tzi,0.1,
ijem1,edf28,0.2,
ijem1,h2aeg,0.4,
ijem1,i5rpt,0.7,
ijem1,ickpq,0.8,
ijem1,ijhu4,0.4,
ijem1,m2k0x,0.9,
ijem1,npuga,0.3,
ijem1,o7hgm,0.8,
ijem1,otwp4,0.9,
ijem1,rcql6,0.9,
ijem1,rpwiz,0.4,
ijem1,t0nen,0.5,
ijem1,t2ukq,0.5,
ijem1,tx96a,0.7,
ijem1,u0fbt,0.9,
ijem1,wcnoy,0.2,
ijem1,wpok6,0.3,
ijem1,wvk2n,0.3,
ijem1,y2i17,0.9,
j5bl0,0tsou,0.6,
j5bl0,2zt0y,0.8,
j5bl0,306fp,0.8,
j5bl0,36mab,0.8,
j5bl0,4718r,0.1,
j5bl0,4snwv,0.2,
j5bl0,6xiit,0.2,
j5bl0,75581,0.9,
j5bl0,7nrit,0.5,
j5bl0,7tb58,0.4,
j5bl0,95saa,0.2,
j5bl0,97vve,0.8,
j5bl0,9fwxw,1,
j5bl0,9h24q,1,
j5bl0,aewa7,0.4,
j5bl0,b4bxs,0.1,
j5bl0,brhrx,0.4,
j5bl0,edf28,0.5,
j5bl0,hktsr,0.3,
j5bl0,i5rpt,0.1,
j5bl0,ickpq,0.1,
j5bl0,ijhu4,0.7,
j5bl0,m2k0x,0.4,
j5bl0,npuga,0.4,
j5bl0,o1ojm,0.7,
j5bl0,o6p8o,0.5,
j5bl0,o7hgm,0.6,
j5bl0,rcql6,0.9,
j5bl0,rpwiz,0.6,
j5bl0,t0nen,0.8,
j5bl0,t2ukq,0.9,
j5bl0,tx96a,0.3,
j5bl0,u0fbt,0.3,
j5bl0,u5ghe,0.6,
j5bl0,wcnoy,0.8,
j5bl0,wpok6,1,
j5bl0,wvk2n,0.7,
j5bl0,xqhhy,0.7,
j5bl0,y2i17,0.4,
j5bl0,ydda7,0.2,
kcec9,0k2cq,0.8,
kcec9,0tsou,0.8,
kcec9,2zt0y,0.5,
kcec9,36mab,0.8,
kcec9,4718r,0.6,
kcec9,4snwv,0.3,
kcec9,4x99y,0.6,
kcec9,6062q,0.2,
kcec9,75581,0.8,
kcec9,7tb58,0.7,
kcec9,95saa,1,
kcec9,9fwxw,0.2,
kcec9,9h24q,0.2,
kcec9,9n6v4,0.2,
kcec9,9njqe,0.4,
kcec9,a9qsd,0.8,
kcec9,aewa7,0.2,
kcec9,b4bxs,0.4,
kcec9,brhrx,0.8,
kcec9,d2tzi,0.2,
kcec9,edf28,0.4,
kcec9,i5rpt,0.5,
kcec9,ickpq,0.9,
kcec9,ijhu4,0.3,
kcec9,m2k0x,0.9,
kcec9,npuga,0.2,
kcec9,o1ojm,1,
kcec9,o6p8o,0.8,
kcec9,o7hgm,0.8,
kcec9,otwp4,0.6,
kcec9,rcql6,0.9,
kcec9,rpwiz,0.5,
kcec9,t0nen,0.8,
kcec9,t3l4h,0.6,
kcec9,tx96a,0.9,
kcec9,wcnoy,0.5,
kcec9,wpok6,0.5,
kcec9,wvk2n,0.6,
kcec9,y2i17,0.5,
kcec9,ydda7,0.6,
laupf,0k2cq,0.4,
laupf,0tsou,0.7,
laupf,2zt0y,0.6,
laupf,306fp,0.6,
laupf,36mab,0.8,
laupf,4718r,0.6,
laupf,4snwv,0.3,
laupf,4x99y,0.4,
laupf,6062q,0.4,
laupf,6xiit,0.1,
laupf,75581,0.9,
laupf,7tb58,0.6,
laupf,95saa,0.8,
laupf,97vve,0.7,
laupf,9fwxw,0.7,
laupf,9h24q,0.1,
laupf,9n6v4,0.3,
laupf,9njqe,0.7,
laupf,a9qsd,0.6,
laupf,aewa7,0.8,
laupf,b4bxs,0.2,
laupf,brhrx,0.7,
laupf,edf28,0.5,
laupf,h2aeg,0.5,
laupf,hktsr,0.9,
laupf,ijhu4,0.8,
laupf,m2k0x,0.7,
laupf,npuga,0.3,
laupf,o1ojm,0.7,
laupf,o7hgm,1,
laupf,otwp4,0.5,
laupf,rcql6,1,
laupf,rpwiz,0.4,
laupf,t0nen,1,
laupf,t3l4h,0.7,
laupf,tx96a,0.7,
laupf,u0fbt,0.7,
laupf,u5ghe,0.7,
laupf,wcnoy,0.5,
laupf,wpok6,0.4,
laupf,wvk2n,0.5,
laupf,xqhhy,0.3,
laupf,y2i17,0.7,
laupf,ydda7,0.5,
ld3yg,2zt0y,0.1,
ld3yg,306fp,0.1,
ld3yg,36mab,0.9,
ld3yg,4718r,0.4,
ld3yg,4snwv,0.2,
ld3yg,4x99y,0.2,
ld3yg,6062q,0.2,
ld3yg,75581,0.1,
ld3yg,7tb58,0.4,
ld3yg,97vve,0.2,
ld3yg,9fwxw,0.1,
ld3yg,9njqe,0.3,
ld3yg,a9qsd,0.7,
ld3yg,d2tzi,0.1,
ld3yg,hktsr,0.4,
ld3yg,ickpq,0.4,
ld3yg,m2k0x,0.3,
ld3yg,npuga,0.2,
ld3yg,o1ojm,0.3,
ld3yg,o6p8o,0.5,
ld3yg,o7hgm,0.4,
ld3yg,otwp4,0.4,
ld3yg,rcql6,0.7,
ld3yg,rpwiz,0.1,
ld3yg,t0nen,0.3,
ld3yg,t2ukq,0.1,
ld3yg,tx96a,0.3,
ld3yg,u0fbt,0.5,
ld3yg,u5ghe,0.3,
ld3yg,wvk2n,0.1,
ld3yg,y2i17,0.2,
lqha2,4718r,0.1,
lqha2,4snwv,0.1,
lqha2,4x99y,0.2,
lqha2,6062q,0.1,
lqha2,7tb58,0.3,
lqha2,95saa,0.6,
lqha2,97vve,0.1,
lqha2,9fwxw,0.1,
lqha2,aewa7,0.2,
lqha2,d2tzi,0.2,
lqha2,hktsr,0.2,
lqha2,ickpq,0.2,
lqha2,ijhu4,0.3,
lqha2,m2k0x,0.2,
lqha2,npuga,0.1,
lqha2,o1ojm,0.1,
lqha2,o7hgm,0.3,
lqha2,otwp4,0.3,
lqha2,rcql6,0.2,
lqha2,t3l4h,0.1,
lqha2,u0fbt,0.7,
lqha2,wvk2n,0.1,
lqha2,y2i17,0.1,
lu9zm,36mab,0.3,
lu9zm,75581,0.1,
lu9zm,95saa,0.1,
lu9zm,ijhu4,0.1,
lu9zm,m2k0x,0.2,
lu9zm,rcql6,0.4,
lu9zm,u0fbt,0.1,
me9oo,0k2cq,0.1,
me9oo,2zt0y,0.3,
me9oo,306fp,0.3,
me9oo,36mab,0.3,
me9oo,4718r,0.1,
me9oo,4snwv,0.2,
me9oo,4x99y,0.5,
me9oo,6xiit,0.2,
me9oo,75581,0.1,
me9oo,7nrit,0.1,
me9oo,7tb58,0.6,
me9oo,9fwxw,0.3,
me9oo,9h24q,0.1,
me9oo,a9qsd,0.1,
me9oo,aewa7,0.3,
me9oo,brhrx,0.3,
me9oo,edf28,0.3,
me9oo,hktsr,0.2,
me9oo,i5rpt,0.2,
me9oo,ickpq,0.3,
me9oo,ijhu4,0.1,
me9oo,m2k0x,0.2,
me9oo,o1ojm,0.6,
me9oo,o7hgm,0.3,
me9oo,otwp4,0.1,
me9oo,rcql6,0.4,
me9oo,t0nen,0.1,
me9oo,t2ukq,0.3,
me9oo,t3l4h,0.4,
me9oo,tx96a,0.3,
me9oo,u0fbt,0.2,
me9oo,u5ghe,0.2,
me9oo,wcnoy,0.4,
me9oo,wpok6,0.2,
me9oo,wvk2n,0.3,
me9oo,xqhhy,0.1,
me9oo,y2i17,0.2,
mevw2,0k2cq,0.3,
mevw2,0tsou,0.5,
mevw2,2zt0y,0.2,
mevw2,306fp,0.3,
mevw2,36mab,0.6,
mevw2,4718r,0.9,
mevw2,4snwv,0.5,
mevw2,4x99y,0.4,
mevw2,6062q,0.7,
mevw2,75581,0.4,
mevw2,7nrit,0.5,
mevw2,7tb58,0.3,
mevw2,95saa,0.6,
mevw2,97vve,0.3,
mevw2,9fwxw,0.8,
mevw2,9n6v4,0.1,
mevw2,a9qsd,0.3,
mevw2,b4bxs,0.3,
mevw2,brhrx,0.3,
mevw2,d2tzi,0.5,
mevw2,edf28,0.5,
mevw2,h2aeg,0.1,
mevw2,hktsr,0.4,
mevw2,ickpq,0.1,
mevw2,ijhu4,0.7,
mevw2,m2k0x,0.7,
mevw2,npuga,0.3,
mevw2,o1ojm,0.2,
mevw2,o7hgm,0.7,
mevw2,otwp4,0.5,
mevw2,rcql6,0.6,
mevw2,rpwiz,0.2,
mevw2,t2ukq,0.1,
mevw2,t3l4h,0.5,
mevw2,tx96a,0.5,
mevw2,u0fbt,0.8,
mevw2,wcnoy,0.2,
mevw2,wpok6,0.2,
mevw2,wvk2n,0.3,
mevw2,xqhhy,0.5,
mevw2,y2i17,0.6,
mevw2,ydda7,0.3,
mkea7,0tsou,0.6,
mkea7,2zt0y,0.9,
mkea7,306fp,0.8,
mkea7,36mab,0.4,
mkea7,4snwv,0.1,
mkea7,6062q,0.1,
mkea7,6xiit,0.1,
mkea7,7nrit,0.2,
mkea7,7tb58,0.7,
mkea7,95saa,0.2,
mkea7,97vve,0.9,
mkea7,9fwxw,0.7,
mkea7,9h24q,0.7,
mkea7,9n6v4,0.5,
mkea7,9njqe,0.3,
mkea7,a9qsd,0.4,
mkea7,aewa7,0.6,
mkea7,brhrx,0.7,
mkea7,edf28,0.8,
mkea7,hktsr,0.3,
mkea7,i5rpt,0.5,
mkea7,ickpq,0.3,
mkea7,ijhu4,0.2,
mkea7,m2k0x,0.3,
mkea7,npuga,0.1,
mkea7,o1ojm,0.8,
mkea7,o6p8o,0.2,
mkea7,o7hgm,0.8,
mkea7,rcql6,0.7,
mkea7,rpwiz,0.7,
mkea7,t3l4h,0.4,
mkea7,tx96a,0.5,
mkea7,u0fbt,0.1,
mkea7,u5ghe,0.5,
mkea7,wcnoy,0.9,
mkea7,wvk2n,0.9,
mkea7,xqhhy,0.7,
mkea7,y2i17,0.3,
mkea7,ydda7,0.1,
mw4eg,0k2cq,0.3,
mw4eg,0tsou,0.4,
mw4eg,2zt0y,0.1,
mw4eg,306fp,0.4,
mw4eg,36mab,0.3,
mw4eg,4718r,0.6,
mw4eg,4snwv,0.5,
mw4eg,4x99y,0.1,
mw4eg,6062q,0.5,
mw4eg,75581,0.3,
mw4eg,7nrit,0.8,
mw4eg,7tb58,0.6,
mw4eg,95saa,0.3,
mw4eg,97vve,0.2,
mw4eg,9fwxw,1,
mw4eg,9njqe,0.5,
mw4eg,a9qsd,0.1,
mw4eg,aewa7,1,
mw4eg,b4bxs,0.1,
mw4eg,brhrx,0.5,
mw4eg,d2tzi,0.9,
mw4eg,h2aeg,0.4,
mw4eg,i5rpt,0.7,
mw4eg,ickpq,0.1,
mw4eg,ijhu4,0.8,
mw4eg,m2k0x,0.2,
mw4eg,npuga,0.2,
mw4eg,o1ojm,0.1,
mw4eg,o6p8o,0.2,
mw4eg,o7hgm,0.7,
mw4eg,otwp4,0.4,
mw4eg,rcql6,0.3,
mw4eg,rpwiz,0.5,
mw4eg,t0nen,0.2,
mw4eg,t2ukq,0.1,
mw4eg,t3l4h,0.6,
mw4eg,u0fbt,1,
mw4eg,u5ghe,0.1,
mw4eg,wcnoy,0.4,
mw4eg,wpok6,0.5,
mw4eg,wvk2n,0.4,
mw4eg,xqhhy,0.1,
mw4eg,y2i17,0.7,
mw4eg,ydda7,0.4,
nazhy,0k2cq,0.2,
nazhy,0tsou,0.1,
nazhy,36mab,0.2,
nazhy,4718r,0.2,
nazhy,4snwv,0.2,
nazhy,4x99y,0.2,
nazhy,75581,0.1,
nazhy,7tb58,0.1,
nazhy,95saa,0.3,
nazhy,97vve,0.2,
nazhy,9fwxw,0.6,
nazhy,a9qsd,0.2,
nazhy,brhrx,0.1,
nazhy,d2tzi,0.2,
nazhy,edf28,0.1,
nazhy,i5rpt,0.3,
nazhy,ickpq,0.1,
nazhy,ijhu4,0.3,
nazhy,m2k0x,0.3,
nazhy,npuga,0.1,
nazhy,o1ojm,0.2,
nazhy,o6p8o,0.1,
nazhy,o7hgm,0.4,
nazhy,otwp4,0.2,
nazhy,rcql6,0.2,
nazhy,t0nen,0.1,
nazhy,t3l4h,0.1,
nazhy,tx96a,0.4,
nazhy,u0fbt,0.3,
nazhy,wcnoy,0.1,
nazhy,wvk2n,0.2,
nazhy,xqhhy,0.2,
nlbv4,0k2cq,0.1,
nlbv4,0tsou,0.2,
nlbv4,2zt0y,0.4,
nlbv4,306fp,0.2,
nlbv4,36mab,0.5,
nlbv4,4718r,0.1,
nlbv4,4x99y,0.1,
nlbv4,6062q,0.1,
nlbv4,7nrit,0.1,
nlbv4,7tb58,0.1,
nlbv4,95saa,0.4,
nlbv4,9fwxw,0.5,
nlbv4,9h24q,0.1,
nlbv4,9njqe,0.1,
nlbv4,a9qsd,0.5,
nlbv4,aewa7,0.1,
nlbv4,brhrx,0.1,
nlbv4,d2tzi,0.1,
nlbv4,edf28,0.1,
nlbv4,i5rpt,0.1,
nlbv4,ijhu4,0.6,
nlbv4,m2k0x,0.3,
nlbv4,npuga,0.2,
nlbv4,o1ojm,0.6,
nlbv4,o6p8o,0.5,
nlbv4,o7hgm,0.4,
nlbv4,otwp4,0.2,
nlbv4,rcql6,0.9,
nlbv4,rpwiz,0.1,
nlbv4,t0nen,0.6,
nlbv4,t3l4h,0.1,
nlbv4,tx96a,0.2,
nlbv4,u0fbt,0.4,
nlbv4,u5ghe,0.1,
nlbv4,wcnoy,0.1,
nlbv4,wpok6,0.1,
nlbv4,wvk2n,0.1,
nlbv4,xqhhy,0.2,
nlbv4,y2i17,0.1,
ntnxa,2zt0y,0.3,
ntnxa,306fp,0.3,
ntnxa,36mab,0.5,
ntnxa,4718r,0.1,
ntnxa,4snwv,0.1,
ntnxa,6xiit,0.2,
ntnxa,75581,0.7,
ntnxa,7nrit,0.3,
ntnxa,7tb58,0.2,
ntnxa,95saa,0.3,
ntnxa,97vve,0.1,
ntnxa,9fwxw,0.8,
ntnxa,9h24q,0.3,
ntnxa,9n6v4,0.3,
ntnxa,a9qsd,0.5,
ntnxa,brhrx,0.1,
ntnxa,d2tzi,0.3,
ntnxa,edf28,0.1,
ntnxa,h2aeg,0.2,
ntnxa,hktsr,0.1,
ntnxa,i5rpt,0.1,
ntnxa,ickpq,0.1,
ntnxa,ijhu4,0.7,
ntnxa,m2k0x,0.4,
ntnxa,npuga,0.2,
ntnxa,o1ojm,0.4,
ntnxa,o7hgm,0.5,
ntnxa,rcql6,0.9,
ntnxa,rpwiz,0.1,
ntnxa,t0nen,0.5,
ntnxa,t2ukq,0.2,
ntnxa,t3l4h,0.2,
ntnxa,u0fbt,0.3,
ntnxa,u5ghe,0.3,
ntnxa,wpok6,0.4,
ntnxa,wvk2n,0.1,
ntnxa,y2i17,0.2,
nydb5,0k2cq,1,
nydb5,2zt0y,0.1,
nydb5,306fp,0.2,
nydb5,36mab,0.7,
nydb5,4snwv,0.9,
nydb5,4x99y,0.2,
nydb5,6062q,0.9,
nydb5,6xiit,0.3,
nydb5,75581,0.4,
nydb5,7nrit,0.6,
nydb5,7tb58,0.9,
nydb5,95saa,1,
nydb5,97vve,0.4,
nydb5,9fwxw,0.6,
nydb5,9n6v4,0.2,
nydb5,9njqe,0.7,
nydb5,a9qsd,0.8,
nydb5,aewa7,0.6,
nydb5,d2tzi,0.3,
nydb5,edf28,0.2,
nydb5,h2aeg,0.2,
nydb5,hktsr,0.7,
nydb5,i5rpt,0.9,
nydb5,ickpq,0.9,
nydb5,ijhu4,0.7,
nydb5,m2k0x,0.8,
nydb5,npuga,0.3,
nydb5,o1ojm,0.6,
nydb5,o7hgm,1,
nydb5,rcql6,0.6,
nydb5,rpwiz,0.6,
nydb5,t2ukq,0.2,
nydb5,t3l4h,0.7,
nydb5,tx96a,0.8,
nydb5,u0fbt,1,
nydb5,u5ghe,0.8,
nydb5,wcnoy,0.1,
nydb5,wvk2n,0.3,
nydb5,xqhhy,0.1,
nydb5,y2i17,1,
nydb5,ydda7,0.9,
o1trj,306fp,0.1,
o1trj,36mab,0.3,
o1trj,4718r,0.5,
o1trj,4snwv,0.2,
o1trj,6062q,0.2,
o1trj,7tb58,0.2,
o1trj,95saa,0.6,
o1trj,97vve,0.1,
o1trj,9fwxw,0.2,
o1trj,brhrx,0.2,
o1trj,d2tzi,0.1,
o1trj,hktsr,0.2,
o1trj,i5rpt,0.2,
o1trj,ickpq,0.4,
o1trj,ijhu4,0.2,
o1trj,m2k0x,0.2,
o1trj,npuga,0.2,
o1trj,o7hgm,0.4,
o1trj,otwp4,0.3,
o1trj,rcql6,0.4,
o1trj,u0fbt,0.8,
o1trj,wvk2n,0.1,
o1trj,y2i17,0.2,
o2iv6,2zt0y,0.1,
o2iv6,306fp,0.2,
o2iv6,36mab,0.7,
o2iv6,4718r,0.2,
o2iv6,6062q,0.1,
o2iv6,75581,0.6,
o2iv6,7nrit,0.3,
o2iv6,7tb58,0.3,
o2iv6,95saa,0.1,
o2iv6,97vve,0.1,
o2iv6,9fwxw,0.9,
o2iv6,9h24q,0.2,
o2iv6,9n6v4,0.2,
o2iv6,9njqe,0.5,
o2iv6,a9qsd,0.3,
o2iv6,aewa7,0.2,
o2iv6,d2tzi,0.2,
o2iv6,h2aeg,0.2,
o2iv6,hktsr,0.1,
o2iv6,m2k0x,0.1,
o2iv6,npuga,0.3,
o2iv6,o1ojm,0.2,
o2iv6,o6p8o,0.2,
o2iv6,o7hgm,0.5,
o2iv6,rcql6,0.7,
o2iv6,rpwiz,0.1,
o2iv6,t0nen,0.6,
o2iv6,u0fbt,0.5,
o2iv6,wcnoy,0.2,
o2iv6,wvk2n,0.1,
o2iv6,xqhhy,0.3,
o2iv6,y2i17,0.1,
o2iv6,ydda7,0.1,
o8v77,36mab,0.1,
o8v77,97vve,0.1,
o8v77,9fwxw,0.2,
ol480,2zt0y,0.4,
ol480,306fp,0.3,
ol480,36mab,0.9,
ol480,4718r,0.1,
ol480,4x99y,0.2,
ol480,75581,0.6,
ol480,7nrit,0.3,
ol480,7tb58,0.3,
ol480,95saa,0.2,
ol480,97vve,0.1,
ol480,9fwxw,0.5,
ol480,9n6v4,0.8,
ol480,9njqe,0.4,
ol480,d2tzi,0.2,
ol480,edf28,0.1,
ol480,hktsr,0.2,
ol480,ickpq,0.1,
ol480,ijhu4,0.6,
ol480,m2k0x,0.1,
ol480,npuga,0.2,
ol480,o1ojm,0.4,
ol480,o6p8o,0.5,
ol480,o7hgm,0.4,
ol480,rcql6,1,
ol480,t0nen,0.6,
ol480,t2ukq,0.3,
ol480,tx96a,0.1,
ol480,u5ghe,0.5,
ol480,wcnoy,0.4,
ol480,wvk2n,0.4,
ol480,xqhhy,0.5,
ol480,y2i17,0.1,
p2vqb,0k2cq,0.4,
p2vqb,2zt0y,0.8,
p2vqb,306fp,0.7,
p2vqb,36mab,1,
p2vqb,4718r,0.7,
p2vqb,4x99y,0.5,
p2vqb,6062q,0.7,
p2vqb,6xiit,0.4,
p2vqb,7nrit,0.7,
p2vqb,7tb58,0.6,
p2vqb,97vve,0.8,
p2vqb,9fwxw,0.9,
p2vqb,9h24q,0.7,
p2vqb,9njqe,0.9,
p2vqb,a9qsd,1,
p2vqb,aewa7,0.7,
p2vqb,b4bxs,0.4,
p2vqb,brhrx,0.8,
p2vqb,d2tzi,0.7,
p2vqb,edf28,0.6,
p2vqb,h2aeg,0.7,
p2vqb,hktsr,0.9,
p2vqb,i5rpt,0.7,
p2vqb,ickpq,0.5,
p2vqb,m2k0x,0.8,
p2vqb,npuga,0.5,
p2vqb,o1ojm,0.8,
p2vqb,o6p8o,1,
p2vqb,o7hgm,1,
p2vqb,otwp4,0.6,
p2vqb,rcql6,1,
p2vqb,rpwiz,0.6,
p2vqb,t0nen,1,
p2vqb,t2ukq,0.8,
p2vqb,t3l4h,0.5,
p2vqb,tx96a,0.6,
p2vqb,u0fbt,0.9,
p2vqb,wcnoy,0.9,
p2vqb,wpok6,0.9,
p2vqb,wvk2n,0.9,
p2vqb,xqhhy,0.6,
p2vqb,y2i17,0.8,
p2vqb,ydda7,0.7,
pw8xj,0k2cq,0.1,
pw8xj,36mab,0.7,
pw8xj,4718r,0.1,
pw8xj,75581,0.1,
pw8xj,7tb58,0.2,
pw8xj,95saa,0.2,
pw8xj,9fwxw,0.3,
pw8xj,9n6v4,0.1,
pw8xj,aewa7,0.1,
pw8xj,d2tzi,0.2,
pw8xj,h2aeg,0.1,
pw8xj,ijhu4,0.3,
pw8xj,m2k0x,0.2,
pw8xj,npuga,0.2,
pw8xj,o1ojm,0.1,
pw8xj,o7hgm,0.4,
pw8xj,rcql6,0.5,
pw8xj,u0fbt,0.3,
pw8xj,wpok6,0.1,
pwl7i,7nrit,0.1,
pwl7i,7tb58,0.1,
pwl7i,9fwxw,0.1,
pwl7i,a9qsd,0.1,
pwl7i,aewa7,0.2,
pwl7i,hktsr,0.2,
pwl7i,i5rpt,0.1,
pwl7i,ijhu4,0.3,
pwl7i,m2k0x,0.2,
pwl7i,npuga,0.2,
pwl7i,o1ojm,0.1,
pwl7i,o6p8o,0.1,
pwl7i,o7hgm,0.3,
pwl7i,otwp4,0.1,
pwl7i,rcql6,0.5,
pwl7i,rpwiz,0.1,
pwl7i,tx96a,0.1,
qmgrq,306fp,0.1,
qmgrq,36mab,0.2,
qmgrq,4718r,0.1,
qmgrq,4snwv,0.1,
qmgrq,6xiit,0.1,
qmgrq,95saa,0.1,
qmgrq,97vve,0.1,
qmgrq,9fwxw,0.5,
qmgrq,9njqe,0.1,
qmgrq,aewa7,0.1,
qmgrq,d2tzi,0.2,
qmgrq,h2aeg,0.1,
qmgrq,i5rpt,0.1,
qmgrq,ijhu4,0.3,
qmgrq,m2k0x,0.1,
qmgrq,npuga,0.1,
qmgrq,o7hgm,0.2,
qmgrq,rcql6,0.1,
qmgrq,t3l4h,0.3,
qmgrq,u0fbt,0.4,
qmgrq,wcnoy,0.1,
qmgrq,xqhhy,0.1,
qz8t7,ijhu4,0.1,
qz8t7,o7hgm,0.1,
r7exg,0k2cq,0.3,
r7exg,0tsou,0.1,
r7exg,2zt0y,0.2,
r7exg,306fp,0.3,
r7exg,36mab,0.7,
r7exg,4718r,0.4,
r7exg,4snwv,0.3,
r7exg,6062q,0.1,
r7exg,6xiit,0.1,
r7exg,75581,0.2,
r7exg,7nrit,0.1,
r7exg,7tb58,0.2,
r7exg,95saa,0.6,
r7exg,97vve,0.4,
r7exg,9h24q,0.1,
r7exg,9n6v4,0.1,
r7exg,9njqe,0.4,
r7exg,a9qsd,0.4,
r7exg,aewa7,0.3,
r7exg,b4bxs,0.3,
r7exg,d2tzi,0.1,
r7exg,edf28,0.1,
r7exg,h2aeg,0.1,
r7exg,hktsr,0.3,
r7exg,i5rpt,0.1,
r7exg,ijhu4,0.4,
r7exg,m2k0x,0.4,
r7exg,npuga,0.2,
r7exg,o1ojm,0.4,
r7exg,o7hgm,0.6,
r7exg,otwp4,0.3,
r7exg,rcql6,0.5,
r7exg,t0nen,0.5,
r7exg,t2ukq,0.3,
r7exg,t3l4h,0.1,
r7exg,tx96a,0.4,
r7exg,u0fbt,0.6,
r7exg,u5ghe,0.3,
r7exg,wcnoy,0.1,
r7exg,wpok6,0.3,
r7exg,wvk2n,0.3,
r7exg,xqhhy,0.4,
r7exg,y2i17,0.4,
r7exg,ydda7,0.2,
rqgcw,0k2cq,0.1,
rqgcw,0tsou,0.5,
rqgcw,2zt0y,0.6,
rqgcw,36mab,0.2,
rqgcw,4718r,0.3,
rqgcw,4snwv,0.2,
rqgcw,4x99y,0.8,
rqgcw,6062q,0.3,
rqgcw,6xiit,0.2,
rqgcw,75581,0.7,
rqgcw,7nrit,0.1,
rqgcw,7tb58,0.4,
rqgcw,95saa,0.2,
rqgcw,9fwxw,0.6,
rqgcw,9h24q,0.4,
rqgcw,9n6v4,0.3,
rqgcw,9njqe,0.2,
rqgcw,a9qsd,0.3,
rqgcw,aewa7,0.6,
rqgcw,brhrx,0.7,
rqgcw,edf28,0.7,
rqgcw,h2aeg,1,
rqgcw,hktsr,0.2,
rqgcw,i5rpt,0.3,
rqgcw,ickpq,0.4,
rqgcw,ijhu4,0.1,
rqgcw,m2k0x,0.5,
rqgcw,o1ojm,0.8,
rqgcw,o6p8o,0.1,
rqgcw,o7hgm,0.6,
rqgcw,rcql6,0.4,
rqgcw,rpwiz,0.6,
rqgcw,t0nen,0.4,
rqgcw,t2ukq,0.7,
rqgcw,t3l4h,0.7,
rqgcw,tx96a,0.3,
rqgcw,u5ghe,0.3,
rqgcw,wpok6,0.9,
rqgcw,wvk2n,0.7,
rqgcw,y2i17,0.2,
rtier,7tb58,0.1,
rtier,95saa,0.1,
rtier,97vve,0.1,
rtier,9fwxw,0.1,
rtier,a9qsd,0.1,
rtier,aewa7,0.2,
rtier,brhrx,0.2,
rtier,d2tzi,0.2,
rtier,o1ojm,0.2,
rtier,o6p8o,0.1,
rtier,o7hgm,0.1,
rtier,rcql6,0.2,
rtier,rpwiz,0.1,
rtier,tx96a,0.2,
tdjhl,9fwxw,0.2,
tdjhl,ijhu4,0.1,
tdjhl,npuga,0.1,
tdjhl,o7hgm,0.1,
uavma,0k2cq,0.7,
uavma,2zt0y,0.6,
uavma,306fp,0.6,
uavma,36mab,0.6,
uavma,4718r,0.6,
uavma,4snwv,0.3,
uavma,4x99y,0.6,
uavma,6062q,0.5,
uavma,6xiit,0.3,
uavma,75581,0.9,
uavma,7nrit,0.5,
uavma,95saa,0.6,
uavma,97vve,0.6,
uavma,9fwxw,0.9,
uavma,9h24q,0.2,
uavma,9njqe,0.4,
uavma,a9qsd,0.6,
uavma,b4bxs,0.4,
uavma,d2tzi,0.8,
uavma,edf28,0.5,
uavma,h2aeg,0.7,
uavma,hktsr,0.7,
uavma,i5rpt,0.9,
uavma,ickpq,0.6,
uavma,ijhu4,0.4,
uavma,m2k0x,0.8,
uavma,npuga,0.3,
uavma,o6p8o,0.4,
uavma,o7hgm,1,
uavma,rcql6,0.5,
uavma,t0nen,0.5,
uavma,t2ukq,0.6,
uavma,t3l4h,0.9,
uavma,tx96a,1,
uavma,u0fbt,0.7,
uavma,u5ghe,0.6,
uavma,wcnoy,0.9,
uavma,wpok6,0.7,
uavma,wvk2n,0.9,
uavma,xqhhy,0.2,
uavma,y2i17,0.8,
uavma,ydda7,0.7,
ubvb5,306fp,0.1,
ubvb5,36mab,0.7,
ubvb5,75581,0.1,
ubvb5,7tb58,0.4,
ubvb5,97vve,0.2,
ubvb5,9fwxw,0.6,
ubvb5,9njqe,0.1,
ubvb5,a9qsd,0.2,
ubvb5,aewa7,0.2,
ubvb5,d2tzi,0.1,
ubvb5,h2aeg,0.1,
ubvb5,ijhu4,0.4,
ubvb5,npuga,0.1,
ubvb5,o1ojm,0.2,
ubvb5,o7hgm,0.3,
ubvb5,rcql6,0.4,
ubvb5,t0nen,0.1,
ubvb5,t2ukq,0.1,
ubvb5,u0fbt,0.4,
ubvb5,xqhhy,0.1,
ubvb5,y2i17,0.1,
unnp0,0k2cq,0.6,
unnp0,2zt0y,0.2,
unnp0,306fp,0.1,
unnp0,4718r,0.4,
unnp0,4snwv,0.2,
unnp0,4x99y,0.1,
unnp0,6062q,0.5,
unnp0,6xiit,0.2,
unnp0,75581,0.4,
unnp0,7nrit,0.5,
unnp0,95saa,0.8,
unnp0,97vve,0.1,
unnp0,9fwxw,0.7,
unnp0,9n6v4,0.1,
unnp0,9njqe,0.2,
unnp0,a9qsd,0.4,
unnp0,aewa7,0.7,
unnp0,b4bxs,0.2,
unnp0,brhrx,0.4,
unnp0,d2tzi,0.6,
unnp0,h2aeg,0.2,
unnp0,hktsr,0.7,
unnp0,ickpq,0.3,
unnp0,ijhu4,0.7,
unnp0,m2k0x,0.3,
unnp0,npuga,0.3,
unnp0,o1ojm,0.4,
unnp0,o6p8o,0.2,
unnp0,o7hgm,0.8,
unnp0,otwp4,0.6,
unnp0,rcql6,0.6,
unnp0,t0nen,0.3,
unnp0,t3l4h,0.3,
unnp0,tx96a,0.8,
unnp0,u0fbt,1,
unnp0,u5ghe,0.5,
unnp0,wcnoy,0.3,
unnp0,wpok6,0.2,
unnp0,wvk2n,0.2,
unnp0,xqhhy,0.2,
unnp0,y2i17,0.9,
unnp0,ydda7,0.6,
v2537,0k2cq,0.4,
v2537,36mab,0.3,
v2537,4718r,0.5,
v2537,4snwv,0.2,
v2537,4x99y,0.1,
v2537,6xiit,0.2,
v2537,75581,0.1,
v2537,7tb58,0.4,
v2537,95saa,0.4,
v2537,97vve,0.1,
v2537,9fwxw,0.6,
v2537,9n6v4,0.1,
v2537,9njqe,0.2,
v2537,a9qsd,0.2,
v2537,aewa7,0.3,
v2537,b4bxs,0.1,
v2537,d2tzi,0.3,
v2537,edf28,0.1,
v2537,hktsr,0.3,
v2537,i5rpt,0.3,
v2537,ickpq,0.2,
v2537,ijhu4,0.5,
v2537,m2k0x,0.3,
v2537,npuga,0.2,
v2537,o1ojm,0.3,
v2537,o6p8o,0.1,
v2537,o7hgm,0.4,
v2537,otwp4,0.4,
v2537,rcql6,0.2,
v2537,rpwiz,0.3,
v2537,t3l4h,0.3,
v2537,tx96a,0.4,
v2537,u0fbt,0.8,
v2537,wcnoy,0.1,
v2537,xqhhy,0.1,
v2537,y2i17,0.2,
v2537,ydda7,0.4,
vfg08,306fp,0.1,
vfg08,36mab,0.4,
vfg08,9fwxw,0.4,
vfg08,o1ojm,0.1,
vnfe9,0k2cq,0.4,
vnfe9,306fp,0.2,
vnfe9,36mab,0.2,
vnfe9,4718r,0.1,
vnfe9,6062q,0.2,
vnfe9,7nrit,0.2,
vnfe9,7tb58,0.3,
vnfe9,95saa,0.3,
vnfe9,9fwxw,0.1,
vnfe9,a9qsd,0.1,
vnfe9,aewa7,0.4,
vnfe9,b4bxs,0.1,
vnfe9,d2tzi,0.3,
vnfe9,i5rpt,0.4,
vnfe9,npuga,0.1,
vnfe9,o7hgm,0.2,
vnfe9,otwp4,0.1,
vnfe9,rcql6,0.1,
vnfe9,rpwiz,0.1,
vnfe9,t3l4h,0.1,
vnfe9,tx96a,0.3,
vnfe9,u0fbt,0.9,
vnfe9,wvk2n,0.1,
vnfe9,y2i17,0.4,
vwa3s,306fp,0.1,
vwa3s,36mab,0.6,
vwa3s,7nrit,0.1,
vwa3s,ijhu4,0.3,
vwa3s,m2k0x,0.1,
vwa3s,npuga,0.1,
vwa3s,o1ojm,0.1,
vwa3s,o7hgm,0.2,
vwa3s,rcql6,0.3,
vwa3s,t0nen,0.1,
w79fa,0k2cq,0.9,
w79fa,0tsou,0.1,
w79fa,2zt0y,0.2,
w79fa,306fp,0.1,
w79fa,4718r,0.7,
w79fa,4x99y,0.1,
w79fa,6062q,0.7,
w79fa,7nrit,0.2,
w79fa,7tb58,0.7,
w79fa,95saa,1,
w79fa,97vve,0.3,
w79fa,9fwxw,0.2,
w79fa,9n6v4,0.2,
w79fa,9njqe,0.3,
w79fa,a9qsd,0.6,
w79fa,aewa7,0.2,
w79fa,brhrx,0.5,
w79fa,d2tzi,0.1,
w79fa,h2aeg,0.1,
w79fa,hktsr,0.5,
w79fa,i5rpt,0.5,
w79fa,ickpq,0.5,
w79fa,ijhu4,0.4,
w79fa,m2k0x,0.6,
w79fa,npuga,0.2,
w79fa,o1ojm,0.5,
w79fa,o7hgm,0.7,
w79fa,rcql6,0.6,
w79fa,rpwiz,0.3,
w79fa,t0nen,0.2,
w79fa,t3l4h,0.2,
w79fa,tx96a,0.6,
w79fa,u0fbt,0.9,
w79fa,u5ghe,0.6,
w79fa,y2i17,0.7,
w79fa,ydda7,0.4,
wj4fj,0k2cq,1,
wj4fj,306fp,0.2,
wj4fj,36mab,0.8,
wj4fj,4718r,0.8,
wj4fj,4snwv,0.9,
wj4fj,4x99y,0.1,
wj4fj,6062q,0.6,
wj4fj,6xiit,0.1,
wj4fj,7nrit,0.3,
wj4fj,7tb58,0.6,
wj4fj,95saa,0.8,
wj4fj,97vve,0.1,
wj4fj,9fwxw,0.3,
wj4fj,9njqe,0.3,
wj4fj,aewa7,0.5,
wj4fj,brhrx,0.4,
wj4fj,d2tzi,0.3,
wj4fj,h2aeg,0.1,
wj4fj,hktsr,0.4,
wj4fj,i5rpt,0.7,
wj4fj,ickpq,0.8,
wj4fj,ijhu4,0.5,
wj4fj,m2k0x,0.5,
wj4fj,npuga,0.2,
wj4fj,o1ojm,0.3,
wj4fj,o6p8o,0.5,
wj4fj,o7hgm,0.7,
wj4fj,otwp4,0.8,
wj4fj,rcql6,0.4,
wj4fj,rpwiz,0.1,
wj4fj,t0nen,0.1,
wj4fj,t2ukq,0.1,
wj4fj,t3l4h,0.2,
wj4fj,tx96a,0.4,
wj4fj,u0fbt,1,
wj4fj,u5ghe,0.4,
wj4fj,wvk2n,0.2,
wj4fj,xqhhy,0.2,
wj4fj,ydda7,0.6,
wjwzo,0k2cq,0.3,
wjwzo,306fp,0.6,
wjwzo,4718r,0.3,
wjwzo,6062q,0.2,
wjwzo,7nrit,0.1,
wjwzo,7tb58,0.2,
wjwzo,95saa,0.2,
wjwzo,97vve,0.1,
wjwzo,9fwxw,0.5,
wjwzo,9njqe,0.1,
wjwzo,a9qsd,0.1,
wjwzo,aewa7,0.2,
wjwzo,b4bxs,0.2,
wjwzo,d2tzi,0.3,
wjwzo,edf28,0.1,
wjwzo,h2aeg,0.2,
wjwzo,hktsr,0.1,
wjwzo,ickpq,0.1,
wjwzo,ijhu4,0.2,
wjwzo,m2k0x,0.2,
wjwzo,npuga,0.1,
wjwzo,o1ojm,0.4,
wjwzo,o7hgm,0.4,
wjwzo,otwp4,0.1,
wjwzo,rcql6,0.2,
wjwzo,rpwiz,0.1,
wjwzo,t0nen,0.1,
wjwzo,t3l4h,0.4,
wjwzo,tx96a,0.3,
wjwzo,u0fbt,0.2,
wjwzo,u5ghe,0.1,
wjwzo,wcnoy,0.3,
wjwzo,wvk2n,0.2,
wjwzo,y2i17,0.2,
wwpxq,0k2cq,0.1,
wwpxq,2zt0y,0.3,
wwpxq,306fp,0.4,
wwpxq,36mab,0.4,
wwpxq,4snwv,0.1,
wwpxq,4x99y,0.3,
wwpxq,7tb58,0.3,
wwpxq,95saa,0.2,
wwpxq,97vve,0.5,
wwpxq,9fwxw,0.3,
wwpxq,9n6v4,0.1,
wwpxq,brhrx,0.1,
wwpxq,h2aeg,0.5,
wwpxq,hktsr,0.2,
wwpxq,ickpq,0.2,
wwpxq,ijhu4,0.1,
wwpxq,o1ojm,0.6,
wwpxq,o6p8o,0.1,
wwpxq,rpwiz,0.1,
wwpxq,t0nen,0.3,
wwpxq,t2ukq,0.1,
wwpxq,wcnoy,0.4,
wwpxq,wvk2n,0.2,
wwpxq,xqhhy,0.2,
wwpxq,y2i17,0.1,
xp4xs,0k2cq,0.4,
xp4xs,306fp,0.2,
xp4xs,4snwv,0.4,
xp4xs,4x99y,0.1,
xp4xs,6062q,0.3,
xp4xs,6xiit,0.1,
xp4xs,75581,0.1,
xp4xs,7nrit,0.1,
xp4xs,95saa,0.6,
xp4xs,97vve,0.2,
xp4xs,9fwxw,0.4,
xp4xs,a9qsd,0.1,
xp4xs,aewa7,0.6,
xp4xs,b4bxs,0.1,
xp4xs,brhrx,0.5,
xp4xs,d2tzi,0.5,
xp4xs,ickpq,0.2,
xp4xs,ijhu4,0.5,
xp4xs,m2k0x,0.2,
xp4xs,npuga,0.1,
xp4xs,o7hgm,0.4,
xp4xs,otwp4,0.4,
xp4xs,rcql6,0.3,
xp4xs,rpwiz,0.2,
xp4xs,t3l4h,0.4,
xp4xs,tx96a,0.8,
xp4xs,u0fbt,0.7,
xp4xs,wcnoy,0.1,
xp4xs,wpok6,0.1,
xp4xs,xqhhy,0.2,
xp4xs,y2i17,0.5,
xp4xs,ydda7,0.1,
xtvi3,2zt0y,0.1,
xtvi3,306fp,0.1,
xtvi3,36mab,0.7,
xtvi3,4snwv,0.1,
xtvi3,6062q,0.1,
xtvi3,75581,0.2,
xtvi3,7nrit,0.3,
xtvi3,7tb58,0.1,
xtvi3,95saa,0.2,
xtvi3,97vve,0.1,
xtvi3,9fwxw,0.6,
xtvi3,9h24q,0.1,
xtvi3,9njqe,0.2,
xtvi3,a9qsd,0.1,
xtvi3,aewa7,0.2,
xtvi3,h2aeg,0.1,
xtvi3,ijhu4,0.6,
xtvi3,m2k0x,0.2,
xtvi3,npuga,0.2,
xtvi3,o6p8o,0.3,
xtvi3,o7hgm,0.2,
xtvi3,rcql6,0.5,
xtvi3,tx96a,0.1,
xtvi3,u0fbt,0.3,
xtvi3,wpok6,0.1,
xtvi3,y2i17,0.1,
xvpsf,0k2cq,0.2,
xvpsf,306fp,0.6,
xvpsf,36mab,0.6,
xvpsf,4718r,0.1,
xvpsf,4snwv,0.3,
xvpsf,4x99y,0.1,
xvpsf,7nrit,0.1,
xvpsf,7tb58,0.1,
xvpsf,95saa,0.3,
xvpsf,9fwxw,0.7,
xvpsf,9njqe,0.1,
xvpsf,a9qsd,0.2,
xvpsf,aewa7,0.4,
xvpsf,b4bxs,0.2,
xvpsf,edf28,0.2,
xvpsf,h2aeg,0.1,
xvpsf,i5rpt,0.2,
xvpsf,ijhu4,0.4,
xvpsf,m2k0x,0.2,
xvpsf,npuga,0.1,
xvpsf,o1ojm,0.2,
xvpsf,o6p8o,0.1,
xvpsf,o7hgm,0.5,
xvpsf,otwp4,0.1,
xvpsf,rcql6,0.2,
xvpsf,t0nen,0.2,
xvpsf,t2ukq,0.1,
xvpsf,t3l4h,0.1,
xvpsf,tx96a,0.3,
xvpsf,wcnoy,0.2,
xvpsf,wpok6,0.3,
xvpsf,wvk2n,0.5,
xvpsf,xqhhy,0.3,
xvpsf,y2i17,0.1,
yi3lr,2zt0y,0.1,
yi3lr,306fp,0.2,
yi3lr,36mab,0.8,
yi3lr,4718r,0.1,
yi3lr,4snwv,0.2,
yi3lr,6062q,0.1,
yi3lr,75581,0.2,
yi3lr,7nrit,0.4,
yi3lr,7tb58,0.3,
yi3lr,95saa,0.5,
yi3lr,97vve,0.1,
yi3lr,9fwxw,0.6,
yi3lr,9h24q,0.1,
yi3lr,9njqe,0.5,
yi3lr,a9qsd,0.3,
yi3lr,aewa7,0.3,
yi3lr,b4bxs,0.1,
yi3lr,d2tzi,0.1,
yi3lr,ijhu4,0.7,
yi3lr,m2k0x,0.2,
yi3lr,npuga,0.2,
yi3lr,o6p8o,0.3,
yi3lr,o7hgm,0.6,
yi3lr,rcql6,0.6,
yi3lr,t3l4h,0.1,
yi3lr,tx96a,0.1,
yi3lr,u0fbt,0.5,
yi3lr,wcnoy,0.1,
yi3lr,wpok6,0.2,
yi3lr,wvk2n,0.3,
yi3lr,xqhhy,0.2,
yxl0f,0k2cq,0.1,
yxl0f,0tsou,0.1,
yxl0f,2zt0y,0.4,
yxl0f,306fp,0.5,
yxl0f,36mab,0.3,
yxl0f,4718r,0.2,
yxl0f,4x99y,0.5,
yxl0f,75581,0.4,
yxl0f,7tb58,0.3,
yxl0f,95saa,0.5,
yxl0f,9fwxw,0.3,
yxl0f,a9qsd,0.3,
yxl0f,aewa7,0.2,
yxl0f,brhrx,0.5,
yxl0f,d2tzi,0.4,
yxl0f,edf28,0.3,
yxl0f,h2aeg,0.5,
yxl0f,hktsr,0.4,
yxl0f,i5rpt,0.1,
yxl0f,ickpq,0.1,
yxl0f,ijhu4,0.1,
yxl0f,m2k0x,0.4,
yxl0f,o6p8o,0.1,
yxl0f,o7hgm,0.6,
yxl0f,rcql6,0.5,
yxl0f,rpwiz,0.3,
yxl0f,t0nen,0.3,
yxl0f,t3l4h,0.4,
yxl0f,tx96a,0.3,
yxl0f,u5ghe,0.1,
yxl0f,wcnoy,0.5,
yxl0f,wpok6,0.5,
yxl0f,wvk2n,0.1,
z53im,0k2cq,0.1,
z53im,306fp,0.1,
z53im,36mab,0.1,
z53im,4snwv,0.1,
z53im,6062q,0.3,
z53im,7nrit,0.2,
z53im,7tb58,0.3,
z53im,95saa,0.1,
z53im,brhrx,0.1,
z53im,d2tzi,0.4,
z53im,i5rpt,0.1,
z53im,ijhu4,0.6,
z53im,npuga,0.1,
z53im,o7hgm,0.2,
z53im,otwp4,0.1,
z53im,rcql6,0.1,
z53im,rpwiz,0.1,
z53im,t3l4h,0.1,
z53im,tx96a,0.1,
z53im,u0fbt,0.7,
z53im,xqhhy,0.1,
ztjoi,0k2cq,0.5,
ztjoi,0tsou,0.3,
ztjoi,306fp,0.8,
ztjoi,36mab,0.2,
ztjoi,4718r,0.4,
ztjoi,4snwv,0.5,
ztjoi,4x99y,0.4,
ztjoi,6062q,0.4,
ztjoi,6xiit,0.1,
ztjoi,75581,0.1,
ztjoi,7nrit,0.1,
ztjoi,7tb58,0.9,
ztjoi,95saa,0.3,
ztjoi,97vve,0.5,
ztjoi,9fwxw,0.7,
ztjoi,9n6v4,0.2,
ztjoi,a9qsd,0.3,
ztjoi,b4bxs,0.2,
ztjoi,brhrx,0.6,
ztjoi,edf28,0.5,
ztjoi,h2aeg,0.5,
ztjoi,hktsr,0.2,
ztjoi,i5rpt,0.6,
ztjoi,ijhu4,0.2,
ztjoi,m2k0x,0.4,
ztjoi,npuga,0.1,
ztjoi,o6p8o,0.1,
ztjoi,otwp4,0.3,
ztjoi,rcql6,0.2,
ztjoi,rpwiz,0.5,
ztjoi,t0nen,0.3,
ztjoi,t2ukq,0.4,
ztjoi,t3l4h,0.6,
ztjoi,tx96a,0.5,
ztjoi,u0fbt,0.7,
ztjoi,wcnoy,0.6,
ztjoi,wpok6,0.6,
ztjoi,xqhhy,0.4,
ztjoi,y2i17,0.6,
ztjoi,ydda7,0.3,
